"Policy_ID","Customer_Segment","Product","Channel","Region","Issue_Date","Due_Date","Payment_Date","Month","Premium_TRY","Collected_TRY","Outstanding_TRY","Payment_Status","Days_Late","Aging_Bucket","Currency","Agent_ID","Risk_Score","Renewal_Flag"
"POL-00001","Bireysel","Trafik","Acente","Karadeniz","2025-04-03","2025-04-17","2025-04-15","2025-04","7380","7380","0","Paid On Time","0","Not Applicable","TRY","AG-06","54","Yes"
"POL-00002","Bireysel","Kasko","Acente","Ege","2025-01-07","2025-01-26","2025-01-23","2025-01","22520","22520","0","Paid On Time","0","Not Applicable","TRY","AG-16","47","Yes"
"POL-00003","KOBİ","Sağlık","Çağrı Merkezi","İç Anadolu","2025-10-13","2025-11-04","2025-11-03","2025-10","58750","58750","0","Paid On Time","0","Not Applicable","TRY","AG-14","51","Yes"
"POL-00004","Bireysel","Trafik","Acente","Akdeniz","2025-01-01","2025-01-15","2025-01-13","2025-01","9930","9930","0","Paid On Time","0","Not Applicable","TRY","AG-16","40","Yes"
"POL-00005","Bireysel","Trafik","Banka","İç Anadolu","2025-09-17","2025-10-16","","2025-09","9150","0","9150","Cancelled","0","Not Applicable","TRY","AG-10","38","No"
"POL-00006","Bireysel","Kasko","Acente","Marmara","2025-05-15","2025-06-13","2025-06-09","2025-05","24020","24020","0","Paid On Time","0","Not Applicable","TRY","AG-01","66","Yes"
"POL-00007","Kurumsal","Sağlık","Acente","Ege","2025-02-11","2025-03-01","2025-03-30","2025-02","111310","111310","0","Paid Late","29","Not Applicable","EUR","AG-15","60","Yes"
"POL-00008","Bireysel","Seyahat","Acente","Ege","2025-07-07","2025-07-29","2025-07-27","2025-07","2690","2690","0","Paid On Time","0","Not Applicable","TRY","AG-04","46","Yes"
"POL-00009","Bireysel","Trafik","Banka","Marmara","2025-11-16","2025-12-14","2025-12-11","2025-11","7000","7000","0","Paid On Time","0","Not Applicable","TRY","AG-05","48","Yes"
"POL-00010","Bireysel","Kasko","Banka","İç Anadolu","2025-03-17","2025-04-10","","2025-03","23830","0","23830","Cancelled","0","Not Applicable","TRY","AG-02","53","No"
"POL-00011","Bireysel","Trafik","Acente","Marmara","2025-12-05","2026-01-04","2026-01-03","2025-12","10110","10110","0","Paid On Time","0","Not Applicable","TRY","AG-18","57","Yes"
"POL-00012","KOBİ","Seyahat","Dijital","Akdeniz","2025-03-19","2025-04-08","2025-04-03","2025-03","4020","4020","0","Paid On Time","0","Not Applicable","TRY","AG-02","38","Yes"
"POL-00013","Bireysel","Konut","Çağrı Merkezi","Karadeniz","2025-04-21","2025-05-20","2025-05-18","2025-04","4700","4700","0","Paid On Time","0","Not Applicable","TRY","AG-03","28","No"
"POL-00014","Bireysel","Sağlık","Acente","Marmara","2025-10-24","2025-11-10","2025-12-04","2025-10","29880","29880","0","Paid Late","24","Not Applicable","TRY","AG-17","79","Yes"
"POL-00015","KOBİ","Trafik","Acente","Marmara","2025-11-08","2025-11-28","2025-11-24","2025-11","16270","16270","0","Paid On Time","0","Not Applicable","TRY","AG-01","66","Yes"
"POL-00016","Bireysel","Trafik","Acente","Ege","2025-04-16","2025-05-02","2025-04-27","2025-04","6760","6760","0","Paid On Time","0","Not Applicable","TRY","AG-17","38","No"
"POL-00017","Bireysel","Sağlık","Dijital","Akdeniz","2025-06-02","2025-07-01","2025-06-29","2025-06","32900","32900","0","Paid On Time","0","Not Applicable","TRY","AG-11","68","Yes"
"POL-00018","Bireysel","Trafik","Çağrı Merkezi","Marmara","2025-06-07","2025-06-23","2025-06-22","2025-06","9270","9270","0","Paid On Time","0","Not Applicable","TRY","AG-02","56","Yes"
"POL-00019","Kurumsal","Kasko","Acente","Marmara","2025-10-08","2025-10-27","2025-10-22","2025-10","69470","69470","0","Paid On Time","0","Not Applicable","EUR","AG-17","52","Yes"
"POL-00020","Bireysel","Sağlık","Dijital","Ege","2025-07-07","2025-08-06","2025-09-02","2025-07","31000","31000","0","Paid Late","27","Not Applicable","TRY","AG-11","65","Yes"
"POL-00021","Bireysel","Konut","Acente","Karadeniz","2025-03-18","2025-04-07","2025-04-02","2025-03","5540","5540","0","Paid On Time","0","Not Applicable","TRY","AG-06","50","Yes"
"POL-00022","Bireysel","Trafik","Dijital","İç Anadolu","2025-09-21","2025-10-13","2025-10-11","2025-09","6140","6140","0","Paid On Time","0","Not Applicable","TRY","AG-14","53","Yes"
"POL-00023","Kurumsal","Trafik","Banka","Ege","2025-07-19","2025-08-06","2025-08-08","2025-07","26820","26820","0","Paid Late","2","Not Applicable","TRY","AG-11","42","Yes"
"POL-00024","Bireysel","Sağlık","Banka","Marmara","2025-08-13","2025-09-01","","2025-08","20440","0","20440","Cancelled","0","Not Applicable","TRY","AG-15","60","No"
"POL-00025","Bireysel","Konut","Dijital","Marmara","2025-11-11","2025-11-26","2025-11-21","2025-11","4320","4320","0","Paid On Time","0","Not Applicable","TRY","AG-04","22","Yes"
"POL-00026","Bireysel","Trafik","Dijital","Marmara","2025-06-16","2025-07-08","2025-07-07","2025-06","5250","5250","0","Paid On Time","0","Not Applicable","EUR","AG-09","56","Yes"
"POL-00027","KOBİ","Trafik","Acente","Akdeniz","2025-06-20","2025-07-20","2025-07-15","2025-06","14600","14600","0","Paid On Time","0","Not Applicable","TRY","AG-13","54","No"
"POL-00028","Bireysel","Sağlık","Dijital","Ege","2025-08-08","2025-08-25","2025-09-08","2025-08","17770","17770","0","Paid Late","14","Not Applicable","TRY","AG-09","52","Yes"
"POL-00029","Kurumsal","Trafik","Çağrı Merkezi","Ege","2025-12-06","2025-12-23","2026-01-19","2025-12","28200","28200","0","Paid Late","27","Not Applicable","TRY","AG-09","63","Yes"
"POL-00030","Bireysel","Konut","Banka","Karadeniz","2025-04-18","2025-05-08","","2025-04","4800","0","4800","Overdue","55","31-60 Days","TRY","AG-10","27","No"
"POL-00031","KOBİ","Trafik","Çağrı Merkezi","Karadeniz","2025-01-22","2025-02-11","2025-02-08","2025-01","14010","14010","0","Paid On Time","0","Not Applicable","TRY","AG-10","39","Yes"
"POL-00032","Bireysel","Trafik","Banka","Marmara","2025-06-02","2025-06-25","","2025-06","9030","5320","3710","Overdue","71","61-90 Days","TRY","AG-01","38","Yes"
"POL-00033","Bireysel","Kasko","Acente","Marmara","2025-07-01","2025-07-30","","2025-07","16470","0","16470","Overdue","58","31-60 Days","TRY","AG-04","57","Yes"
"POL-00034","Kurumsal","Konut","Acente","Ege","2025-04-10","2025-04-30","2025-05-25","2025-04","15810","15810","0","Paid Late","25","Not Applicable","TRY","AG-11","18","Yes"
"POL-00035","KOBİ","Trafik","Acente","Marmara","2025-05-24","2025-06-10","","2025-05","13270","6540","6730","Overdue","25","1-30 Days","TRY","AG-04","69","No"
"POL-00036","KOBİ","Trafik","Acente","Akdeniz","2025-09-11","2025-10-08","2025-10-04","2025-09","16230","16230","0","Paid On Time","0","Not Applicable","TRY","AG-14","49","Yes"
"POL-00037","Bireysel","Trafik","Acente","Karadeniz","2025-09-10","2025-10-04","","2025-09","9760","0","9760","Overdue","99","90+ Days","TRY","AG-06","62","Yes"
"POL-00038","Bireysel","Konut","Acente","Marmara","2025-06-12","2025-07-05","2025-07-30","2025-06","3770","3770","0","Paid Late","25","Not Applicable","TRY","AG-04","53","Yes"
"POL-00039","KOBİ","Konut","Acente","Akdeniz","2025-03-16","2025-04-13","2025-04-11","2025-03","9660","9660","0","Paid On Time","0","Not Applicable","TRY","AG-13","39","Yes"
"POL-00040","Bireysel","Trafik","Acente","Ege","2025-03-19","2025-04-15","2025-05-10","2025-03","5670","5670","0","Paid Late","25","Not Applicable","TRY","AG-02","55","Yes"
"POL-00041","KOBİ","Kasko","Acente","Marmara","2025-05-16","2025-06-14","2025-06-19","2025-05","39120","39120","0","Paid Late","5","Not Applicable","TRY","AG-08","64","No"
"POL-00042","Bireysel","Konut","Çağrı Merkezi","İç Anadolu","2025-11-13","2025-11-30","2025-11-25","2025-11","4260","4260","0","Paid On Time","0","Not Applicable","TRY","AG-10","42","Yes"
"POL-00043","Bireysel","Konut","Dijital","Marmara","2025-05-23","2025-06-15","2025-06-14","2025-05","5010","5010","0","Paid On Time","0","Not Applicable","TRY","AG-02","36","Yes"
"POL-00044","KOBİ","Sağlık","Acente","İç Anadolu","2025-11-16","2025-12-06","2025-12-06","2025-11","54580","54580","0","Paid On Time","0","Not Applicable","TRY","AG-17","52","Yes"
"POL-00045","Bireysel","Konut","Acente","İç Anadolu","2025-04-18","2025-05-12","2025-05-09","2025-04","3750","3750","0","Paid On Time","0","Not Applicable","USD","AG-16","54","Yes"
"POL-00046","Bireysel","Trafik","Acente","Marmara","2025-07-19","2025-08-11","2025-08-07","2025-07","8300","8300","0","Paid On Time","0","Not Applicable","TRY","AG-17","70","Yes"
"POL-00047","Bireysel","Trafik","Dijital","Ege","2025-09-18","2025-10-04","2025-10-03","2025-09","5270","5270","0","Paid On Time","0","Not Applicable","TRY","AG-11","53","Yes"
"POL-00048","Bireysel","Trafik","Dijital","Karadeniz","2025-02-03","2025-02-24","","2025-02","9670","7380","2290","Overdue","71","61-90 Days","TRY","AG-05","61","Yes"
"POL-00049","Kurumsal","Trafik","Acente","Marmara","2025-10-15","2025-11-05","","2025-10","31730","0","31730","Overdue","50","31-60 Days","TRY","AG-03","59","No"
"POL-00050","Bireysel","Trafik","Dijital","İç Anadolu","2025-08-18","2025-09-08","2025-09-25","2025-08","5760","5760","0","Paid Late","17","Not Applicable","TRY","AG-05","58","Yes"
"POL-00051","KOBİ","Trafik","Acente","Ege","2025-06-03","2025-06-30","2025-07-08","2025-06","16100","16100","0","Paid Late","8","Not Applicable","TRY","AG-01","43","Yes"
"POL-00052","Bireysel","Trafik","Acente","Marmara","2025-11-06","2025-11-25","2025-11-20","2025-11","8520","8520","0","Paid On Time","0","Not Applicable","TRY","AG-08","42","Yes"
"POL-00053","Bireysel","Kasko","Dijital","İç Anadolu","2025-02-06","2025-03-06","2025-04-03","2025-02","15040","15040","0","Paid Late","28","Not Applicable","TRY","AG-18","75","No"
"POL-00054","KOBİ","Sağlık","Banka","Akdeniz","2025-02-05","2025-02-19","2025-03-03","2025-02","54170","54170","0","Paid Late","12","Not Applicable","USD","AG-12","49","Yes"
"POL-00055","KOBİ","Trafik","Acente","İç Anadolu","2025-01-08","2025-02-07","2025-02-07","2025-01","17730","17730","0","Paid On Time","0","Not Applicable","TRY","AG-03","39","Yes"
"POL-00056","KOBİ","Sağlık","Dijital","İç Anadolu","2025-06-16","2025-07-14","2025-07-12","2025-06","41950","41950","0","Paid On Time","0","Not Applicable","TRY","AG-13","47","Yes"
"POL-00057","Bireysel","Sağlık","Banka","Karadeniz","2025-12-19","2026-01-14","2026-01-29","2025-12","33440","33440","0","Paid Late","15","Not Applicable","TRY","AG-03","53","Yes"
"POL-00058","Bireysel","Kasko","Acente","Karadeniz","2025-09-20","2025-10-17","","2025-09","16120","7530","8590","Overdue","39","31-60 Days","TRY","AG-03","52","Yes"
"POL-00059","Bireysel","Trafik","Acente","İç Anadolu","2025-12-21","2026-01-19","2026-01-15","2025-12","5900","5900","0","Paid On Time","0","Not Applicable","TRY","AG-16","66","No"
"POL-00060","KOBİ","Sağlık","Acente","Akdeniz","2025-04-12","2025-05-12","2025-05-29","2025-04","41880","41880","0","Paid Late","17","Not Applicable","TRY","AG-03","50","No"
"POL-00061","Bireysel","Sağlık","Banka","Marmara","2025-01-22","2025-02-12","2025-02-25","2025-01","27940","27940","0","Paid Late","13","Not Applicable","TRY","AG-18","49","Yes"
"POL-00062","Bireysel","Kasko","Acente","Marmara","2025-01-01","2025-01-21","2025-01-19","2025-01","14580","14580","0","Paid On Time","0","Not Applicable","TRY","AG-17","43","No"
"POL-00063","Bireysel","Sağlık","Acente","İç Anadolu","2025-01-22","2025-02-19","2025-02-16","2025-01","30640","30640","0","Paid On Time","0","Not Applicable","TRY","AG-02","78","Yes"
"POL-00064","Bireysel","Trafik","Acente","Ege","2025-04-06","2025-04-26","2025-04-24","2025-04","7690","7690","0","Paid On Time","0","Not Applicable","TRY","AG-06","53","No"
"POL-00065","Bireysel","Kasko","Banka","Akdeniz","2025-02-15","2025-03-13","2025-03-12","2025-02","18100","18100","0","Paid On Time","0","Not Applicable","TRY","AG-01","52","Yes"
"POL-00066","KOBİ","Konut","Acente","Marmara","2025-07-10","2025-08-08","2025-09-05","2025-07","8160","8160","0","Paid Late","28","Not Applicable","TRY","AG-05","36","Yes"
"POL-00067","Bireysel","Trafik","Çağrı Merkezi","İç Anadolu","2025-05-20","2025-06-16","","2025-05","8960","0","8960","Overdue","51","31-60 Days","TRY","AG-02","46","Yes"
"POL-00068","Bireysel","Trafik","Dijital","İç Anadolu","2025-06-05","2025-06-23","2025-06-20","2025-06","7760","7760","0","Paid On Time","0","Not Applicable","TRY","AG-16","48","Yes"
"POL-00069","Bireysel","Sağlık","Çağrı Merkezi","Ege","2025-08-02","2025-08-16","2025-08-15","2025-08","17320","17320","0","Paid On Time","0","Not Applicable","TRY","AG-10","55","Yes"
"POL-00070","Bireysel","Sağlık","Dijital","Marmara","2025-01-12","2025-02-04","2025-02-02","2025-01","20600","20600","0","Paid On Time","0","Not Applicable","TRY","AG-07","53","Yes"
"POL-00071","Kurumsal","Konut","Acente","Akdeniz","2025-08-16","2025-09-05","2025-09-03","2025-08","21980","21980","0","Paid On Time","0","Not Applicable","TRY","AG-10","25","No"
"POL-00072","Bireysel","Kasko","Banka","Marmara","2025-04-20","2025-05-12","2025-05-10","2025-04","20190","20190","0","Paid On Time","0","Not Applicable","TRY","AG-09","48","Yes"
"POL-00073","Bireysel","Sağlık","Acente","Karadeniz","2025-04-04","2025-04-28","2025-05-04","2025-04","23010","23010","0","Paid Late","6","Not Applicable","TRY","AG-03","78","Yes"
"POL-00074","Bireysel","Trafik","Banka","Marmara","2025-05-08","2025-06-02","2025-06-23","2025-05","7210","7210","0","Paid Late","21","Not Applicable","TRY","AG-17","51","No"
"POL-00075","Bireysel","Kasko","Acente","İç Anadolu","2025-02-24","2025-03-22","2025-03-17","2025-02","21720","21720","0","Paid On Time","0","Not Applicable","TRY","AG-18","53","Yes"
"POL-00076","KOBİ","Kasko","Çağrı Merkezi","Marmara","2025-08-01","2025-08-19","","2025-08","28450","0","28450","Overdue","98","90+ Days","TRY","AG-02","52","No"
"POL-00077","KOBİ","Sağlık","Çağrı Merkezi","Marmara","2025-01-20","2025-02-15","2025-02-12","2025-01","38310","38310","0","Paid On Time","0","Not Applicable","TRY","AG-08","48","Yes"
"POL-00078","Bireysel","Trafik","Dijital","Karadeniz","2025-06-08","2025-07-03","2025-06-30","2025-06","7030","7030","0","Paid On Time","0","Not Applicable","TRY","AG-12","53","Yes"
"POL-00079","Kurumsal","Konut","Acente","Ege","2025-12-09","2026-01-08","2026-01-24","2025-12","19450","19450","0","Paid Late","16","Not Applicable","TRY","AG-01","16","Yes"
"POL-00080","Kurumsal","Konut","Dijital","Akdeniz","2025-03-10","2025-03-30","2025-03-27","2025-03","15500","15500","0","Paid On Time","0","Not Applicable","USD","AG-11","42","Yes"
"POL-00081","Bireysel","Trafik","Çağrı Merkezi","İç Anadolu","2025-11-23","2025-12-20","","2025-11","10200","0","10200","Cancelled","0","Not Applicable","TRY","AG-06","61","No"
"POL-00082","Bireysel","Kasko","Çağrı Merkezi","Akdeniz","2025-01-15","2025-02-10","","2025-01","25300","0","25300","Overdue","18","1-30 Days","TRY","AG-17","54","No"
"POL-00083","Kurumsal","Trafik","Acente","Marmara","2025-12-13","2026-01-08","","2025-12","25930","0","25930","Overdue","83","61-90 Days","TRY","AG-18","47","Yes"
"POL-00084","Bireysel","Kasko","Acente","Akdeniz","2025-03-07","2025-03-21","2025-03-21","2025-03","14950","14950","0","Paid On Time","0","Not Applicable","TRY","AG-01","50","Yes"
"POL-00085","Kurumsal","Trafik","Banka","İç Anadolu","2025-12-17","2026-01-12","2026-01-07","2025-12","33950","33950","0","Paid On Time","0","Not Applicable","TRY","AG-04","62","Yes"
"POL-00086","Bireysel","Trafik","Dijital","Ege","2025-04-10","2025-05-06","2025-05-09","2025-04","8350","8350","0","Paid Late","3","Not Applicable","TRY","AG-17","44","No"
"POL-00087","Bireysel","Kasko","Acente","Marmara","2025-05-20","2025-06-10","2025-06-10","2025-05","16450","16450","0","Paid On Time","0","Not Applicable","TRY","AG-05","44","Yes"
"POL-00088","Bireysel","Kasko","Dijital","Marmara","2025-02-01","2025-02-26","2025-03-17","2025-02","18470","18470","0","Paid Late","19","Not Applicable","TRY","AG-10","58","Yes"
"POL-00089","KOBİ","Kasko","Dijital","Karadeniz","2025-01-24","2025-02-23","2025-02-19","2025-01","41640","41640","0","Paid On Time","0","Not Applicable","TRY","AG-16","59","Yes"
"POL-00090","Bireysel","Seyahat","Acente","Ege","2025-03-06","2025-03-28","2025-03-28","2025-03","1810","1810","0","Paid On Time","0","Not Applicable","TRY","AG-14","22","Yes"
"POL-00091","Bireysel","Kasko","Acente","Marmara","2025-09-17","2025-10-08","2025-10-04","2025-09","23650","23650","0","Paid On Time","0","Not Applicable","TRY","AG-05","67","Yes"
"POL-00092","Kurumsal","Trafik","Acente","İç Anadolu","2025-10-01","2025-10-20","2025-10-20","2025-10","31450","31450","0","Paid On Time","0","Not Applicable","TRY","AG-17","34","Yes"
"POL-00093","Bireysel","Sağlık","Dijital","Akdeniz","2025-07-21","2025-08-20","2025-08-15","2025-07","31410","31410","0","Paid On Time","0","Not Applicable","TRY","AG-02","68","Yes"
"POL-00094","Bireysel","Kasko","Banka","Akdeniz","2025-02-17","2025-03-19","2025-03-18","2025-02","18410","18410","0","Paid On Time","0","Not Applicable","USD","AG-04","54","Yes"
"POL-00095","Bireysel","Sağlık","Acente","Marmara","2025-01-13","2025-02-07","2025-02-11","2025-01","26840","26840","0","Paid Late","4","Not Applicable","TRY","AG-08","48","No"
"POL-00096","Bireysel","Sağlık","Dijital","Marmara","2025-11-24","2025-12-18","2025-12-29","2025-11","28900","28900","0","Paid Late","11","Not Applicable","TRY","AG-15","73","Yes"
"POL-00097","Bireysel","Kasko","Banka","İç Anadolu","2025-06-11","2025-07-01","","2025-06","15870","0","15870","Overdue","120","90+ Days","TRY","AG-14","53","No"
"POL-00098","KOBİ","Kasko","Dijital","Marmara","2025-09-15","2025-10-14","2025-10-13","2025-09","25710","25710","0","Paid On Time","0","Not Applicable","TRY","AG-17","63","Yes"
"POL-00099","Bireysel","Sağlık","Dijital","Ege","2025-06-20","2025-07-14","2025-07-18","2025-06","22120","22120","0","Paid Late","4","Not Applicable","TRY","AG-02","78","No"
"POL-00100","Kurumsal","Kasko","Acente","İç Anadolu","2025-10-08","2025-10-28","2025-10-24","2025-10","73700","73700","0","Paid On Time","0","Not Applicable","TRY","AG-03","54","Yes"
"POL-00101","Kurumsal","Trafik","Banka","Marmara","2025-12-03","2025-12-30","2025-12-26","2025-12","25810","25810","0","Paid On Time","0","Not Applicable","TRY","AG-08","52","Yes"
"POL-00102","Kurumsal","Konut","Acente","Marmara","2025-05-17","2025-06-12","","2025-05","19790","0","19790","Overdue","28","1-30 Days","TRY","AG-04","31","Yes"
"POL-00103","KOBİ","Kasko","Acente","İç Anadolu","2025-04-02","2025-04-23","2025-04-19","2025-04","39250","39250","0","Paid On Time","0","Not Applicable","TRY","AG-14","48","Yes"
"POL-00104","Kurumsal","Seyahat","Acente","Ege","2025-11-23","2025-12-07","2025-12-07","2025-11","6390","6390","0","Paid On Time","0","Not Applicable","TRY","AG-05","28","No"
"POL-00105","Bireysel","Konut","Acente","Akdeniz","2025-12-18","2026-01-17","2026-01-29","2025-12","6440","6440","0","Paid Late","12","Not Applicable","TRY","AG-07","48","No"
"POL-00106","KOBİ","Trafik","Banka","Karadeniz","2025-04-17","2025-05-09","2025-05-08","2025-04","11540","11540","0","Paid On Time","0","Not Applicable","TRY","AG-12","65","Yes"
"POL-00107","Bireysel","Trafik","Dijital","Akdeniz","2025-05-10","2025-06-09","2025-06-06","2025-05","7230","7230","0","Paid On Time","0","Not Applicable","TRY","AG-05","68","Yes"
"POL-00108","Bireysel","Kasko","Dijital","Karadeniz","2025-08-05","2025-08-20","2025-09-03","2025-08","23610","23610","0","Paid Late","14","Not Applicable","TRY","AG-09","48","No"
"POL-00109","Bireysel","Kasko","Acente","Marmara","2025-01-12","2025-01-28","2025-02-20","2025-01","22430","22430","0","Paid Late","23","Not Applicable","TRY","AG-06","72","Yes"
"POL-00110","Bireysel","Seyahat","Acente","Ege","2025-02-03","2025-02-24","2025-02-27","2025-02","1970","1970","0","Paid Late","3","Not Applicable","TRY","AG-03","49","Yes"
"POL-00111","Bireysel","Sağlık","Dijital","Marmara","2025-07-10","2025-08-02","2025-07-29","2025-07","33520","33520","0","Paid On Time","0","Not Applicable","TRY","AG-11","67","Yes"
"POL-00112","Bireysel","Trafik","Acente","Akdeniz","2025-06-13","2025-07-07","2025-07-07","2025-06","5540","5540","0","Paid On Time","0","Not Applicable","TRY","AG-14","42","Yes"
"POL-00113","Bireysel","Trafik","Banka","Marmara","2025-02-09","2025-02-27","","2025-02","7560","4450","3110","Overdue","67","61-90 Days","TRY","AG-09","63","No"
"POL-00114","Bireysel","Konut","Acente","İç Anadolu","2025-10-19","2025-11-17","2025-11-16","2025-10","5910","5910","0","Paid On Time","0","Not Applicable","USD","AG-10","28","Yes"
"POL-00115","KOBİ","Konut","Dijital","Ege","2025-07-14","2025-08-01","2025-07-31","2025-07","11360","11360","0","Paid On Time","0","Not Applicable","TRY","AG-16","31","Yes"
"POL-00116","Bireysel","Kasko","Dijital","Marmara","2025-09-14","2025-10-08","2025-10-17","2025-09","24770","24770","0","Paid Late","9","Not Applicable","TRY","AG-16","65","No"
"POL-00117","Bireysel","Sağlık","Banka","Ege","2025-07-06","2025-07-29","2025-08-26","2025-07","21250","21250","0","Paid Late","28","Not Applicable","TRY","AG-11","56","Yes"
"POL-00118","Kurumsal","Kasko","Dijital","İç Anadolu","2025-06-14","2025-07-06","2025-07-01","2025-06","71630","71630","0","Paid On Time","0","Not Applicable","TRY","AG-16","48","Yes"
"POL-00119","Kurumsal","Kasko","Acente","Akdeniz","2025-10-14","2025-11-01","2025-11-01","2025-10","64740","64740","0","Paid On Time","0","Not Applicable","TRY","AG-08","38","Yes"
"POL-00120","KOBİ","Trafik","Acente","Marmara","2025-05-17","2025-06-03","2025-05-30","2025-05","12820","12820","0","Paid On Time","0","Not Applicable","EUR","AG-15","39","Yes"
"POL-00121","Kurumsal","Kasko","Çağrı Merkezi","Karadeniz","2025-01-10","2025-01-29","2025-02-05","2025-01","69280","69280","0","Paid Late","7","Not Applicable","TRY","AG-16","63","Yes"
"POL-00122","Bireysel","Seyahat","Acente","Karadeniz","2025-02-24","2025-03-15","2025-03-10","2025-02","1730","1730","0","Paid On Time","0","Not Applicable","TRY","AG-08","48","No"
"POL-00123","Bireysel","Konut","Acente","Marmara","2025-08-16","2025-09-07","","2025-08","6010","0","6010","Overdue","35","31-60 Days","USD","AG-06","36","No"
"POL-00124","Bireysel","Seyahat","Çağrı Merkezi","Marmara","2025-06-02","2025-06-21","2025-06-19","2025-06","2690","2690","0","Paid On Time","0","Not Applicable","TRY","AG-14","28","Yes"
"POL-00125","Kurumsal","Seyahat","Acente","İç Anadolu","2025-09-23","2025-10-23","","2025-09","6740","0","6740","Overdue","95","90+ Days","TRY","AG-12","43","Yes"
"POL-00126","KOBİ","Konut","Dijital","Marmara","2025-10-08","2025-11-05","2025-11-05","2025-10","6600","6600","0","Paid On Time","0","Not Applicable","TRY","AG-01","25","Yes"
"POL-00127","Bireysel","Trafik","Acente","Akdeniz","2025-04-04","2025-05-01","2025-04-26","2025-04","8500","8500","0","Paid On Time","0","Not Applicable","TRY","AG-14","70","Yes"
"POL-00128","Kurumsal","Trafik","Dijital","Ege","2025-09-08","2025-09-23","2025-09-20","2025-09","23660","23660","0","Paid On Time","0","Not Applicable","TRY","AG-04","58","No"
"POL-00129","Bireysel","Trafik","Çağrı Merkezi","İç Anadolu","2025-06-18","2025-07-18","2025-07-25","2025-06","7120","7120","0","Paid Late","7","Not Applicable","TRY","AG-02","57","Yes"
"POL-00130","Bireysel","Seyahat","Acente","İç Anadolu","2025-11-20","2025-12-18","","2025-11","1710","0","1710","Overdue","67","61-90 Days","TRY","AG-10","20","Yes"
"POL-00131","Bireysel","Konut","Banka","Marmara","2025-09-02","2025-09-21","2025-09-18","2025-09","4280","4280","0","Paid On Time","0","Not Applicable","TRY","AG-06","25","Yes"
"POL-00132","KOBİ","Konut","Banka","Marmara","2025-04-12","2025-04-28","2025-04-28","2025-04","6430","6430","0","Paid On Time","0","Not Applicable","TRY","AG-04","53","Yes"
"POL-00133","Bireysel","Trafik","Acente","İç Anadolu","2025-09-22","2025-10-10","2025-10-05","2025-09","6720","6720","0","Paid On Time","0","Not Applicable","TRY","AG-09","57","Yes"
"POL-00134","Bireysel","Trafik","Dijital","İç Anadolu","2025-10-07","2025-10-26","2025-10-24","2025-10","7610","7610","0","Paid On Time","0","Not Applicable","TRY","AG-15","54","Yes"
"POL-00135","KOBİ","Trafik","Acente","Marmara","2025-02-07","2025-02-21","2025-02-20","2025-02","18110","18110","0","Paid On Time","0","Not Applicable","TRY","AG-18","59","Yes"
"POL-00136","Bireysel","Konut","Banka","Ege","2025-12-11","2025-12-31","2025-12-30","2025-12","6270","6270","0","Paid On Time","0","Not Applicable","TRY","AG-18","29","Yes"
"POL-00137","Bireysel","Trafik","Acente","Marmara","2025-09-11","2025-10-02","2025-10-02","2025-09","7140","7140","0","Paid On Time","0","Not Applicable","TRY","AG-15","53","Yes"
"POL-00138","Bireysel","Sağlık","Acente","Marmara","2025-12-14","2025-12-28","2025-12-24","2025-12","20600","20600","0","Paid On Time","0","Not Applicable","TRY","AG-10","79","No"
"POL-00139","KOBİ","Kasko","Acente","Ege","2025-09-11","2025-09-27","2025-09-27","2025-09","24250","24250","0","Paid On Time","0","Not Applicable","TRY","AG-07","61","Yes"
"POL-00140","Bireysel","Sağlık","Çağrı Merkezi","Marmara","2025-10-21","2025-11-10","2025-11-06","2025-10","21880","21880","0","Paid On Time","0","Not Applicable","TRY","AG-02","66","Yes"
"POL-00141","Bireysel","Konut","Banka","Marmara","2025-01-06","2025-01-20","2025-01-25","2025-01","3980","3980","0","Paid Late","5","Not Applicable","TRY","AG-02","50","Yes"
"POL-00142","Bireysel","Trafik","Çağrı Merkezi","Marmara","2025-07-01","2025-07-15","2025-07-11","2025-07","6130","6130","0","Paid On Time","0","Not Applicable","TRY","AG-12","69","Yes"
"POL-00143","Bireysel","Trafik","Dijital","Ege","2025-07-03","2025-07-23","2025-07-19","2025-07","9150","9150","0","Paid On Time","0","Not Applicable","TRY","AG-10","64","Yes"
"POL-00144","Bireysel","Kasko","Banka","Marmara","2025-10-06","2025-11-04","","2025-10","14400","0","14400","Overdue","96","90+ Days","TRY","AG-01","67","Yes"
"POL-00145","KOBİ","Kasko","Acente","Akdeniz","2025-12-14","2026-01-13","2026-01-18","2025-12","35870","35870","0","Paid Late","5","Not Applicable","TRY","AG-15","53","Yes"
"POL-00146","Bireysel","Trafik","Çağrı Merkezi","Akdeniz","2025-08-04","2025-08-31","2025-08-30","2025-08","5990","5990","0","Paid On Time","0","Not Applicable","TRY","AG-06","70","Yes"
"POL-00147","KOBİ","Sağlık","Dijital","Marmara","2025-06-13","2025-07-07","2025-07-06","2025-06","32050","32050","0","Paid On Time","0","Not Applicable","TRY","AG-13","48","Yes"
"POL-00148","Bireysel","Trafik","Banka","Marmara","2025-02-12","2025-03-05","2025-03-03","2025-02","9880","9880","0","Paid On Time","0","Not Applicable","TRY","AG-02","66","Yes"
"POL-00149","KOBİ","Trafik","Çağrı Merkezi","Akdeniz","2025-06-12","2025-06-27","2025-06-25","2025-06","16230","16230","0","Paid On Time","0","Not Applicable","TRY","AG-11","67","Yes"
"POL-00150","Bireysel","Konut","Acente","Marmara","2025-01-19","2025-02-11","2025-02-06","2025-01","4270","4270","0","Paid On Time","0","Not Applicable","TRY","AG-12","43","No"
"POL-00151","Kurumsal","Trafik","Acente","Karadeniz","2025-07-09","2025-08-06","2025-09-03","2025-07","27110","27110","0","Paid Late","28","Not Applicable","TRY","AG-07","49","Yes"
"POL-00152","Bireysel","Trafik","Dijital","Marmara","2025-01-17","2025-02-01","2025-01-28","2025-01","9830","9830","0","Paid On Time","0","Not Applicable","TRY","AG-17","59","Yes"
"POL-00153","Bireysel","Kasko","Dijital","Marmara","2025-01-24","2025-02-07","","2025-01","19930","10440","9490","Overdue","16","1-30 Days","TRY","AG-16","70","No"
"POL-00154","KOBİ","Konut","Acente","Ege","2025-02-15","2025-03-16","","2025-02","9880","4870","5010","Overdue","86","61-90 Days","TRY","AG-16","25","No"
"POL-00155","Bireysel","Trafik","Dijital","İç Anadolu","2025-05-23","2025-06-20","2025-06-19","2025-05","8040","8040","0","Paid On Time","0","Not Applicable","TRY","AG-16","47","No"
"POL-00156","Kurumsal","Kasko","Banka","Marmara","2025-07-06","2025-07-29","","2025-07","50200","0","50200","Cancelled","0","Not Applicable","TRY","AG-09","45","No"
"POL-00157","KOBİ","Konut","Dijital","Ege","2025-05-09","2025-05-28","2025-05-26","2025-05","6230","6230","0","Paid On Time","0","Not Applicable","TRY","AG-17","28","Yes"
"POL-00158","Bireysel","Trafik","Dijital","Karadeniz","2025-10-23","2025-11-06","","2025-10","9730","0","9730","Cancelled","0","Not Applicable","TRY","AG-15","47","No"
"POL-00159","Kurumsal","Konut","Acente","İç Anadolu","2025-10-02","2025-10-17","2025-10-14","2025-10","21570","21570","0","Paid On Time","0","Not Applicable","TRY","AG-17","47","Yes"
"POL-00160","Bireysel","Kasko","Acente","Ege","2025-03-14","2025-04-02","2025-04-01","2025-03","21590","21590","0","Paid On Time","0","Not Applicable","TRY","AG-17","57","No"
"POL-00161","Bireysel","Kasko","Acente","İç Anadolu","2025-02-05","2025-03-03","2025-03-02","2025-02","21450","21450","0","Paid On Time","0","Not Applicable","TRY","AG-07","69","Yes"
"POL-00162","Bireysel","Kasko","Banka","Marmara","2025-06-02","2025-06-25","","2025-06","24490","0","24490","Cancelled","0","Not Applicable","TRY","AG-09","57","Yes"
"POL-00163","KOBİ","Kasko","Banka","Akdeniz","2025-09-03","2025-09-22","2025-09-21","2025-09","42420","42420","0","Paid On Time","0","Not Applicable","TRY","AG-02","74","Yes"
"POL-00164","KOBİ","Kasko","Çağrı Merkezi","Marmara","2025-07-04","2025-07-18","2025-07-13","2025-07","31770","31770","0","Paid On Time","0","Not Applicable","TRY","AG-06","59","Yes"
"POL-00165","Bireysel","Trafik","Acente","Marmara","2025-10-02","2025-10-31","","2025-10","8440","4110","4330","Overdue","60","31-60 Days","TRY","AG-12","54","Yes"
"POL-00166","Bireysel","Sağlık","Acente","İç Anadolu","2025-10-20","2025-11-14","2025-11-09","2025-10","30450","30450","0","Paid On Time","0","Not Applicable","TRY","AG-17","73","Yes"
"POL-00167","Bireysel","Trafik","Acente","Akdeniz","2025-12-08","2025-12-22","2025-12-19","2025-12","7640","7640","0","Paid On Time","0","Not Applicable","TRY","AG-15","40","Yes"
"POL-00168","Bireysel","Sağlık","Acente","Ege","2025-11-11","2025-12-05","2025-12-04","2025-11","31520","31520","0","Paid On Time","0","Not Applicable","TRY","AG-11","60","Yes"
"POL-00169","KOBİ","Sağlık","Acente","Ege","2025-05-02","2025-05-29","","2025-05","31780","0","31780","Overdue","101","90+ Days","TRY","AG-13","80","No"
"POL-00170","Bireysel","Trafik","Dijital","Akdeniz","2025-07-01","2025-07-22","2025-07-18","2025-07","7120","7120","0","Paid On Time","0","Not Applicable","TRY","AG-08","37","Yes"
"POL-00171","Bireysel","Kasko","Dijital","İç Anadolu","2025-06-24","2025-07-16","2025-07-11","2025-06","16920","16920","0","Paid On Time","0","Not Applicable","TRY","AG-09","54","Yes"
"POL-00172","Bireysel","Kasko","Banka","Marmara","2025-01-17","2025-02-11","2025-02-08","2025-01","18860","18860","0","Paid On Time","0","Not Applicable","TRY","AG-06","50","Yes"
"POL-00173","Bireysel","Sağlık","Acente","Marmara","2025-09-17","2025-10-02","2025-10-12","2025-09","24850","24850","0","Paid Late","10","Not Applicable","TRY","AG-16","57","Yes"
"POL-00174","KOBİ","Kasko","Dijital","İç Anadolu","2025-05-03","2025-05-25","2025-05-29","2025-05","33620","33620","0","Paid Late","4","Not Applicable","TRY","AG-07","75","Yes"
"POL-00175","Bireysel","Trafik","Dijital","İç Anadolu","2025-10-08","2025-11-03","2025-11-09","2025-10","6520","6520","0","Paid Late","6","Not Applicable","TRY","AG-08","65","No"
"POL-00176","KOBİ","Kasko","Acente","Ege","2025-03-21","2025-04-05","2025-04-28","2025-03","44930","44930","0","Paid Late","23","Not Applicable","TRY","AG-06","57","Yes"
"POL-00177","Bireysel","Trafik","Acente","Karadeniz","2025-06-07","2025-06-23","2025-06-19","2025-06","10220","10220","0","Paid On Time","0","Not Applicable","TRY","AG-15","45","Yes"
"POL-00178","KOBİ","Trafik","Acente","Marmara","2025-10-02","2025-10-31","2025-10-28","2025-10","11900","11900","0","Paid On Time","0","Not Applicable","TRY","AG-17","61","Yes"
"POL-00179","Bireysel","Konut","Dijital","Marmara","2025-04-01","2025-04-18","2025-04-16","2025-04","4940","4940","0","Paid On Time","0","Not Applicable","TRY","AG-02","33","Yes"
"POL-00180","KOBİ","Konut","Dijital","Marmara","2025-10-02","2025-10-28","2025-11-04","2025-10","7270","7270","0","Paid Late","7","Not Applicable","TRY","AG-12","50","Yes"
"POL-00181","Bireysel","Trafik","Acente","Ege","2025-07-11","2025-07-30","2025-07-25","2025-07","5960","5960","0","Paid On Time","0","Not Applicable","TRY","AG-05","51","Yes"
"POL-00182","Bireysel","Trafik","Banka","İç Anadolu","2025-07-12","2025-08-07","2025-08-06","2025-07","9560","9560","0","Paid On Time","0","Not Applicable","TRY","AG-11","66","Yes"
"POL-00183","Bireysel","Konut","Dijital","İç Anadolu","2025-09-22","2025-10-06","2025-10-04","2025-09","6810","6810","0","Paid On Time","0","Not Applicable","TRY","AG-06","27","Yes"
"POL-00184","Bireysel","Konut","Dijital","İç Anadolu","2025-09-05","2025-09-29","2025-09-29","2025-09","5210","5210","0","Paid On Time","0","Not Applicable","TRY","AG-03","23","Yes"
"POL-00185","Bireysel","Kasko","Banka","Karadeniz","2025-10-08","2025-10-23","2025-10-21","2025-10","18980","18980","0","Paid On Time","0","Not Applicable","TRY","AG-14","73","Yes"
"POL-00186","Bireysel","Kasko","Dijital","Akdeniz","2025-03-04","2025-04-03","","2025-03","23380","0","23380","Overdue","117","90+ Days","TRY","AG-18","55","No"
"POL-00187","Bireysel","Trafik","Acente","İç Anadolu","2025-06-01","2025-06-19","","2025-06","8160","0","8160","Cancelled","0","Not Applicable","TRY","AG-06","54","No"
"POL-00188","KOBİ","Kasko","Acente","Ege","2025-07-06","2025-07-21","2025-07-30","2025-07","28960","28960","0","Paid Late","9","Not Applicable","TRY","AG-17","42","No"
"POL-00189","KOBİ","Trafik","Banka","İç Anadolu","2025-04-17","2025-05-07","","2025-04","14340","0","14340","Overdue","30","1-30 Days","TRY","AG-01","69","No"
"POL-00190","KOBİ","Sağlık","Dijital","Ege","2025-08-09","2025-08-29","","2025-08","44530","0","44530","Cancelled","0","Not Applicable","TRY","AG-11","78","No"
"POL-00191","Bireysel","Kasko","Acente","İç Anadolu","2025-08-04","2025-08-28","2025-08-23","2025-08","16160","16160","0","Paid On Time","0","Not Applicable","TRY","AG-17","57","Yes"
"POL-00192","Bireysel","Trafik","Acente","Karadeniz","2025-05-20","2025-06-18","2025-06-13","2025-05","9190","9190","0","Paid On Time","0","Not Applicable","TRY","AG-09","60","Yes"
"POL-00193","KOBİ","Trafik","Banka","Ege","2025-08-17","2025-09-13","2025-09-09","2025-08","18180","18180","0","Paid On Time","0","Not Applicable","TRY","AG-03","49","No"
"POL-00194","Bireysel","Sağlık","Çağrı Merkezi","Akdeniz","2025-11-20","2025-12-10","2025-12-08","2025-11","18650","18650","0","Paid On Time","0","Not Applicable","TRY","AG-07","71","Yes"
"POL-00195","Bireysel","Kasko","Acente","Akdeniz","2025-01-22","2025-02-19","2025-03-03","2025-01","17630","17630","0","Paid Late","12","Not Applicable","TRY","AG-14","51","Yes"
"POL-00196","Bireysel","Seyahat","Acente","Marmara","2025-07-04","2025-07-21","","2025-07","1830","0","1830","Overdue","87","61-90 Days","TRY","AG-16","42","Yes"
"POL-00197","Bireysel","Konut","Dijital","Ege","2025-09-02","2025-09-20","2025-10-03","2025-09","6500","6500","0","Paid Late","13","Not Applicable","USD","AG-07","33","Yes"
"POL-00198","Bireysel","Kasko","Banka","Marmara","2025-10-23","2025-11-18","2025-11-18","2025-10","19400","19400","0","Paid On Time","0","Not Applicable","TRY","AG-14","63","No"
"POL-00199","KOBİ","Sağlık","Çağrı Merkezi","İç Anadolu","2025-11-07","2025-11-29","2025-11-25","2025-11","59340","59340","0","Paid On Time","0","Not Applicable","TRY","AG-14","79","Yes"
"POL-00200","Bireysel","Kasko","Çağrı Merkezi","Ege","2025-11-11","2025-11-27","2025-11-27","2025-11","18920","18920","0","Paid On Time","0","Not Applicable","TRY","AG-18","69","Yes"
"POL-00201","KOBİ","Konut","Dijital","Marmara","2025-06-02","2025-06-20","2025-06-26","2025-06","8320","8320","0","Paid Late","6","Not Applicable","TRY","AG-06","54","Yes"
"POL-00202","Bireysel","Konut","Dijital","İç Anadolu","2025-03-20","2025-04-14","2025-04-09","2025-03","4730","4730","0","Paid On Time","0","Not Applicable","TRY","AG-03","53","Yes"
"POL-00203","Bireysel","Konut","Banka","Marmara","2025-11-09","2025-11-27","2025-11-26","2025-11","5440","5440","0","Paid On Time","0","Not Applicable","TRY","AG-07","31","Yes"
"POL-00204","Bireysel","Konut","Acente","İç Anadolu","2025-08-08","2025-08-28","2025-08-24","2025-08","4810","4810","0","Paid On Time","0","Not Applicable","TRY","AG-14","53","Yes"
"POL-00205","Bireysel","Kasko","Banka","Ege","2025-11-11","2025-11-30","2025-11-27","2025-11","18600","18600","0","Paid On Time","0","Not Applicable","TRY","AG-13","68","Yes"
"POL-00206","Bireysel","Konut","Çağrı Merkezi","Ege","2025-12-09","2026-01-02","2026-01-14","2025-12","3520","3520","0","Paid Late","12","Not Applicable","TRY","AG-18","48","Yes"
"POL-00207","KOBİ","Trafik","Çağrı Merkezi","Marmara","2025-07-06","2025-08-02","2025-08-03","2025-07","13280","13280","0","Paid Late","1","Not Applicable","TRY","AG-06","59","Yes"
"POL-00208","Bireysel","Kasko","Acente","Akdeniz","2025-11-06","2025-11-26","2025-11-24","2025-11","24760","24760","0","Paid On Time","0","Not Applicable","TRY","AG-01","45","Yes"
"POL-00209","Bireysel","Sağlık","Acente","Karadeniz","2025-10-22","2025-11-19","2025-12-01","2025-10","19970","19970","0","Paid Late","12","Not Applicable","TRY","AG-02","63","No"
"POL-00210","Bireysel","Trafik","Banka","Marmara","2025-11-22","2025-12-20","2025-12-16","2025-11","5490","5490","0","Paid On Time","0","Not Applicable","TRY","AG-12","50","Yes"
"POL-00211","Bireysel","Sağlık","Banka","Marmara","2025-04-10","2025-04-24","2025-04-23","2025-04","19480","19480","0","Paid On Time","0","Not Applicable","TRY","AG-09","62","Yes"
"POL-00212","KOBİ","Kasko","Banka","İç Anadolu","2025-10-03","2025-10-30","2025-11-10","2025-10","27520","27520","0","Paid Late","11","Not Applicable","TRY","AG-01","72","Yes"
"POL-00213","Bireysel","Sağlık","Dijital","Ege","2025-02-22","2025-03-11","2025-03-25","2025-02","31910","31910","0","Paid Late","14","Not Applicable","TRY","AG-08","74","Yes"
"POL-00214","Kurumsal","Trafik","Acente","Marmara","2025-02-22","2025-03-13","","2025-02","31940","0","31940","Overdue","42","31-60 Days","TRY","AG-14","33","Yes"
"POL-00215","Bireysel","Kasko","Çağrı Merkezi","Akdeniz","2025-08-15","2025-08-30","2025-08-28","2025-08","16860","16860","0","Paid On Time","0","Not Applicable","TRY","AG-11","52","No"
"POL-00216","KOBİ","Konut","Acente","Akdeniz","2025-11-08","2025-12-03","2025-11-28","2025-11","11260","11260","0","Paid On Time","0","Not Applicable","TRY","AG-06","29","Yes"
"POL-00217","Bireysel","Trafik","Dijital","Marmara","2025-12-07","2026-01-04","2025-12-30","2025-12","8370","8370","0","Paid On Time","0","Not Applicable","TRY","AG-12","50","Yes"
"POL-00218","Bireysel","Seyahat","Acente","Marmara","2025-02-16","2025-03-16","2025-03-17","2025-02","2200","2200","0","Paid Late","1","Not Applicable","TRY","AG-04","21","No"
"POL-00219","Bireysel","Seyahat","Dijital","Akdeniz","2025-07-09","2025-07-26","2025-07-21","2025-07","1930","1930","0","Paid On Time","0","Not Applicable","TRY","AG-05","29","Yes"
"POL-00220","Kurumsal","Kasko","Çağrı Merkezi","Marmara","2025-09-13","2025-10-13","2025-10-13","2025-09","85820","85820","0","Paid On Time","0","Not Applicable","TRY","AG-02","46","Yes"
"POL-00221","KOBİ","Kasko","Dijital","Marmara","2025-09-21","2025-10-05","","2025-09","45320","26970","18350","Overdue","69","61-90 Days","TRY","AG-10","51","No"
"POL-00222","Bireysel","Konut","Acente","Marmara","2025-12-19","2026-01-14","2026-01-12","2025-12","3720","3720","0","Paid On Time","0","Not Applicable","TRY","AG-17","32","Yes"
"POL-00223","Bireysel","Trafik","Acente","Karadeniz","2025-08-04","2025-08-31","2025-08-27","2025-08","7220","7220","0","Paid On Time","0","Not Applicable","TRY","AG-03","44","Yes"
"POL-00224","Bireysel","Trafik","Acente","İç Anadolu","2025-11-10","2025-12-09","2025-12-17","2025-11","6940","6940","0","Paid Late","8","Not Applicable","USD","AG-16","63","Yes"
"POL-00225","Bireysel","Kasko","Çağrı Merkezi","Marmara","2025-09-08","2025-10-05","2025-10-01","2025-09","19270","19270","0","Paid On Time","0","Not Applicable","TRY","AG-07","53","Yes"
"POL-00226","Bireysel","Sağlık","Çağrı Merkezi","Akdeniz","2025-06-22","2025-07-15","2025-07-13","2025-06","31780","31780","0","Paid On Time","0","Not Applicable","TRY","AG-08","51","Yes"
"POL-00227","Bireysel","Sağlık","Dijital","Marmara","2025-03-10","2025-03-25","","2025-03","20690","0","20690","Overdue","91","90+ Days","TRY","AG-12","61","Yes"
"POL-00228","Bireysel","Kasko","Banka","Marmara","2025-01-12","2025-02-08","2025-02-04","2025-01","15690","15690","0","Paid On Time","0","Not Applicable","TRY","AG-10","50","Yes"
"POL-00229","Bireysel","Kasko","Dijital","Akdeniz","2025-10-09","2025-10-25","2025-10-25","2025-10","16500","16500","0","Paid On Time","0","Not Applicable","TRY","AG-05","57","Yes"
"POL-00230","Bireysel","Sağlık","Acente","Marmara","2025-03-04","2025-03-24","","2025-03","19180","12450","6730","Overdue","25","1-30 Days","TRY","AG-11","58","Yes"
"POL-00231","Bireysel","Trafik","Dijital","İç Anadolu","2025-10-08","2025-11-05","2025-11-01","2025-10","5920","5920","0","Paid On Time","0","Not Applicable","TRY","AG-03","67","No"
"POL-00232","Bireysel","Trafik","Acente","Karadeniz","2025-10-01","2025-10-29","2025-10-24","2025-10","7100","7100","0","Paid On Time","0","Not Applicable","USD","AG-08","38","Yes"
"POL-00233","Bireysel","Sağlık","Dijital","Marmara","2025-04-22","2025-05-20","2025-05-16","2025-04","18230","18230","0","Paid On Time","0","Not Applicable","TRY","AG-01","78","Yes"
"POL-00234","Bireysel","Sağlık","Banka","Marmara","2025-05-21","2025-06-13","2025-06-11","2025-05","28930","28930","0","Paid On Time","0","Not Applicable","TRY","AG-01","78","Yes"
"POL-00235","Bireysel","Sağlık","Dijital","İç Anadolu","2025-12-08","2026-01-07","2026-01-07","2025-12","20330","20330","0","Paid On Time","0","Not Applicable","TRY","AG-03","73","Yes"
"POL-00236","Kurumsal","Seyahat","Acente","Marmara","2025-04-18","2025-05-10","2025-05-11","2025-04","6450","6450","0","Paid Late","1","Not Applicable","TRY","AG-10","27","Yes"
"POL-00237","KOBİ","Kasko","Acente","Ege","2025-06-13","2025-07-09","2025-07-30","2025-06","27310","27310","0","Paid Late","21","Not Applicable","TRY","AG-05","45","No"
"POL-00238","KOBİ","Trafik","Dijital","Marmara","2025-09-14","2025-10-08","2025-10-04","2025-09","11050","11050","0","Paid On Time","0","Not Applicable","TRY","AG-17","52","Yes"
"POL-00239","KOBİ","Trafik","Acente","Marmara","2025-11-02","2025-11-19","2025-12-11","2025-11","17430","17430","0","Paid Late","22","Not Applicable","TRY","AG-17","46","Yes"
"POL-00240","Bireysel","Kasko","Banka","Akdeniz","2025-11-19","2025-12-17","2025-12-13","2025-11","24410","24410","0","Paid On Time","0","Not Applicable","TRY","AG-07","65","No"
"POL-00241","Bireysel","Seyahat","Acente","İç Anadolu","2025-12-22","2026-01-15","2026-01-10","2025-12","2370","2370","0","Paid On Time","0","Not Applicable","TRY","AG-09","21","Yes"
"POL-00242","Bireysel","Konut","Banka","Karadeniz","2025-02-10","2025-02-25","2025-02-24","2025-02","4610","4610","0","Paid On Time","0","Not Applicable","TRY","AG-11","23","Yes"
"POL-00243","Bireysel","Sağlık","Dijital","Marmara","2025-07-24","2025-08-12","2025-09-02","2025-07","24470","24470","0","Paid Late","21","Not Applicable","TRY","AG-02","52","No"
"POL-00244","Bireysel","Seyahat","Banka","Akdeniz","2025-01-07","2025-01-31","2025-02-07","2025-01","2370","2370","0","Paid Late","7","Not Applicable","TRY","AG-09","17","Yes"
"POL-00245","Bireysel","Kasko","Banka","Marmara","2025-12-20","2026-01-09","","2025-12","24480","0","24480","Cancelled","0","Not Applicable","TRY","AG-08","73","No"
"POL-00246","Bireysel","Trafik","Banka","Marmara","2025-10-05","2025-10-23","2025-11-17","2025-10","5500","5500","0","Paid Late","25","Not Applicable","TRY","AG-08","47","Yes"
"POL-00247","Kurumsal","Trafik","Banka","Marmara","2025-04-12","2025-05-12","2025-05-08","2025-04","21250","21250","0","Paid On Time","0","Not Applicable","TRY","AG-12","54","Yes"
"POL-00248","Bireysel","Trafik","Banka","İç Anadolu","2025-02-08","2025-03-09","2025-03-05","2025-02","6640","6640","0","Paid On Time","0","Not Applicable","TRY","AG-04","64","Yes"
"POL-00249","Bireysel","Trafik","Banka","Akdeniz","2025-02-12","2025-03-09","2025-03-20","2025-02","5780","5780","0","Paid Late","11","Not Applicable","TRY","AG-17","55","Yes"
"POL-00250","KOBİ","Trafik","Acente","İç Anadolu","2025-02-24","2025-03-13","2025-03-13","2025-02","14220","14220","0","Paid On Time","0","Not Applicable","TRY","AG-10","57","No"
"POL-00251","Bireysel","Trafik","Dijital","İç Anadolu","2025-12-19","2026-01-02","2026-01-21","2025-12","7610","7610","0","Paid Late","19","Not Applicable","TRY","AG-08","67","Yes"
"POL-00252","KOBİ","Kasko","Acente","Akdeniz","2025-10-24","2025-11-14","2025-11-09","2025-10","45230","45230","0","Paid On Time","0","Not Applicable","TRY","AG-18","49","Yes"
"POL-00253","Bireysel","Trafik","Dijital","Karadeniz","2025-03-13","2025-04-10","2025-04-09","2025-03","8620","8620","0","Paid On Time","0","Not Applicable","TRY","AG-08","69","Yes"
"POL-00254","Bireysel","Seyahat","Dijital","Ege","2025-12-24","2026-01-10","2026-01-05","2025-12","2530","2530","0","Paid On Time","0","Not Applicable","TRY","AG-05","35","Yes"
"POL-00255","Bireysel","Kasko","Banka","Karadeniz","2025-06-07","2025-06-26","2025-06-26","2025-06","16880","16880","0","Paid On Time","0","Not Applicable","TRY","AG-15","59","Yes"
"POL-00256","Bireysel","Trafik","Acente","Ege","2025-05-08","2025-05-31","","2025-05","10070","6460","3610","Overdue","105","90+ Days","TRY","AG-06","45","No"
"POL-00257","Bireysel","Trafik","Banka","Marmara","2025-02-14","2025-03-02","2025-03-30","2025-02","9970","9970","0","Paid Late","28","Not Applicable","TRY","AG-03","38","No"
"POL-00258","Bireysel","Sağlık","Dijital","Marmara","2025-06-04","2025-07-01","2025-06-27","2025-06","29830","29830","0","Paid On Time","0","Not Applicable","TRY","AG-17","51","Yes"
"POL-00259","Bireysel","Kasko","Çağrı Merkezi","Ege","2025-02-21","2025-03-21","2025-03-18","2025-02","20380","20380","0","Paid On Time","0","Not Applicable","TRY","AG-04","45","Yes"
"POL-00260","Bireysel","Trafik","Acente","Akdeniz","2025-10-11","2025-11-10","2025-11-06","2025-10","6440","6440","0","Paid On Time","0","Not Applicable","TRY","AG-04","67","Yes"
"POL-00261","Kurumsal","Trafik","Banka","İç Anadolu","2025-05-12","2025-06-04","2025-07-02","2025-05","26910","26910","0","Paid Late","28","Not Applicable","TRY","AG-10","33","Yes"
"POL-00262","Bireysel","Kasko","Acente","Marmara","2025-02-13","2025-02-28","2025-02-23","2025-02","15590","15590","0","Paid On Time","0","Not Applicable","TRY","AG-10","69","Yes"
"POL-00263","Bireysel","Konut","Banka","Marmara","2025-01-16","2025-02-05","2025-01-31","2025-01","5530","5530","0","Paid On Time","0","Not Applicable","TRY","AG-18","29","Yes"
"POL-00264","KOBİ","Trafik","Dijital","Marmara","2025-03-11","2025-04-02","2025-03-30","2025-03","15430","15430","0","Paid On Time","0","Not Applicable","TRY","AG-06","64","Yes"
"POL-00265","KOBİ","Seyahat","Acente","Marmara","2025-12-12","2025-12-31","2026-01-04","2025-12","3240","3240","0","Paid Late","4","Not Applicable","TRY","AG-17","46","Yes"
"POL-00266","Bireysel","Konut","Çağrı Merkezi","Karadeniz","2025-02-21","2025-03-22","2025-03-19","2025-02","6050","6050","0","Paid On Time","0","Not Applicable","TRY","AG-09","39","Yes"
"POL-00267","Bireysel","Kasko","Acente","Karadeniz","2025-11-19","2025-12-10","2025-12-06","2025-11","21320","21320","0","Paid On Time","0","Not Applicable","TRY","AG-02","65","Yes"
"POL-00268","Bireysel","Trafik","Acente","Marmara","2025-06-01","2025-06-27","2025-06-22","2025-06","7110","7110","0","Paid On Time","0","Not Applicable","TRY","AG-11","67","Yes"
"POL-00269","Bireysel","Seyahat","Banka","Ege","2025-06-19","2025-07-16","2025-07-14","2025-06","1390","1390","0","Paid On Time","0","Not Applicable","TRY","AG-17","27","Yes"
"POL-00270","Bireysel","Trafik","Acente","Marmara","2025-05-18","2025-06-09","2025-06-05","2025-05","9170","9170","0","Paid On Time","0","Not Applicable","TRY","AG-04","64","Yes"
"POL-00271","Bireysel","Sağlık","Dijital","Akdeniz","2025-01-17","2025-02-16","2025-02-15","2025-01","33210","33210","0","Paid On Time","0","Not Applicable","TRY","AG-15","62","Yes"
"POL-00272","Bireysel","Sağlık","Çağrı Merkezi","Ege","2025-10-07","2025-10-23","","2025-10","22770","16090","6680","Overdue","104","90+ Days","TRY","AG-04","73","No"
"POL-00273","Bireysel","Sağlık","Acente","Marmara","2025-09-01","2025-10-01","","2025-09","32750","15980","16770","Overdue","113","90+ Days","TRY","AG-18","80","No"
"POL-00274","Bireysel","Kasko","Dijital","Karadeniz","2025-04-22","2025-05-13","2025-05-08","2025-04","13480","13480","0","Paid On Time","0","Not Applicable","TRY","AG-06","64","Yes"
"POL-00275","KOBİ","Konut","Dijital","Ege","2025-01-16","2025-02-11","2025-02-06","2025-01","7480","7480","0","Paid On Time","0","Not Applicable","TRY","AG-11","29","Yes"
"POL-00276","Bireysel","Kasko","Çağrı Merkezi","Akdeniz","2025-11-24","2025-12-14","2025-12-13","2025-11","18490","18490","0","Paid On Time","0","Not Applicable","TRY","AG-06","47","Yes"
"POL-00277","KOBİ","Seyahat","Banka","Ege","2025-06-20","2025-07-14","2025-07-11","2025-06","2890","2890","0","Paid On Time","0","Not Applicable","TRY","AG-07","28","Yes"
"POL-00278","Bireysel","Kasko","Banka","Karadeniz","2025-08-14","2025-09-01","2025-08-30","2025-08","14070","14070","0","Paid On Time","0","Not Applicable","USD","AG-12","68","Yes"
"POL-00279","Bireysel","Sağlık","Acente","Ege","2025-07-03","2025-07-18","2025-07-16","2025-07","30840","30840","0","Paid On Time","0","Not Applicable","TRY","AG-07","79","Yes"
"POL-00280","Bireysel","Konut","Dijital","Ege","2025-03-23","2025-04-21","2025-04-19","2025-03","5680","5680","0","Paid On Time","0","Not Applicable","TRY","AG-10","26","Yes"
"POL-00281","Bireysel","Kasko","Çağrı Merkezi","Ege","2025-05-23","2025-06-11","2025-06-08","2025-05","14600","14600","0","Paid On Time","0","Not Applicable","TRY","AG-15","44","Yes"
"POL-00282","Bireysel","Konut","Dijital","Marmara","2025-04-22","2025-05-14","","2025-04","4870","0","4870","Overdue","55","31-60 Days","TRY","AG-06","27","No"
"POL-00283","Bireysel","Trafik","Acente","İç Anadolu","2025-12-13","2026-01-09","2026-01-07","2025-12","5810","5810","0","Paid On Time","0","Not Applicable","USD","AG-12","39","Yes"
"POL-00284","Bireysel","Kasko","Banka","Akdeniz","2025-11-03","2025-11-22","","2025-11","23280","0","23280","Overdue","78","61-90 Days","TRY","AG-08","70","Yes"
"POL-00285","Bireysel","Trafik","Çağrı Merkezi","Marmara","2025-06-20","2025-07-04","2025-07-02","2025-06","9680","9680","0","Paid On Time","0","Not Applicable","TRY","AG-17","50","Yes"
"POL-00286","Bireysel","Konut","Acente","İç Anadolu","2025-09-13","2025-10-01","2025-09-27","2025-09","5090","5090","0","Paid On Time","0","Not Applicable","TRY","AG-17","47","Yes"
"POL-00287","Bireysel","Trafik","Banka","Marmara","2025-12-10","2025-12-31","2025-12-28","2025-12","6690","6690","0","Paid On Time","0","Not Applicable","TRY","AG-05","46","Yes"
"POL-00288","Bireysel","Kasko","Dijital","İç Anadolu","2025-09-14","2025-10-11","2025-10-09","2025-09","14250","14250","0","Paid On Time","0","Not Applicable","TRY","AG-10","58","Yes"
"POL-00289","Bireysel","Seyahat","Acente","Karadeniz","2025-04-13","2025-04-28","2025-04-23","2025-04","2010","2010","0","Paid On Time","0","Not Applicable","TRY","AG-03","47","Yes"
"POL-00290","Bireysel","Kasko","Dijital","Marmara","2025-01-16","2025-01-30","2025-01-28","2025-01","14980","14980","0","Paid On Time","0","Not Applicable","TRY","AG-10","58","Yes"
"POL-00291","Bireysel","Trafik","Acente","Marmara","2025-05-03","2025-05-28","2025-06-07","2025-05","7620","7620","0","Paid Late","10","Not Applicable","TRY","AG-07","50","Yes"
"POL-00292","Bireysel","Kasko","Dijital","İç Anadolu","2025-08-04","2025-08-31","2025-08-31","2025-08","24230","24230","0","Paid On Time","0","Not Applicable","TRY","AG-06","42","Yes"
"POL-00293","KOBİ","Konut","Acente","Akdeniz","2025-11-08","2025-12-03","2025-12-02","2025-11","6350","6350","0","Paid On Time","0","Not Applicable","TRY","AG-03","22","Yes"
"POL-00294","Kurumsal","Konut","Dijital","Marmara","2025-06-21","2025-07-05","2025-07-04","2025-06","17290","17290","0","Paid On Time","0","Not Applicable","TRY","AG-18","19","Yes"
"POL-00295","Bireysel","Trafik","Çağrı Merkezi","Ege","2025-04-05","2025-05-03","2025-05-01","2025-04","9180","9180","0","Paid On Time","0","Not Applicable","TRY","AG-07","61","No"
"POL-00296","KOBİ","Trafik","Dijital","Marmara","2025-03-22","2025-04-09","2025-04-09","2025-03","17580","17580","0","Paid On Time","0","Not Applicable","TRY","AG-05","40","Yes"
"POL-00297","KOBİ","Trafik","Dijital","Marmara","2025-07-01","2025-07-21","2025-07-21","2025-07","12080","12080","0","Paid On Time","0","Not Applicable","TRY","AG-12","49","Yes"
"POL-00298","KOBİ","Konut","Acente","Marmara","2025-08-14","2025-09-11","2025-09-20","2025-08","6870","6870","0","Paid Late","9","Not Applicable","TRY","AG-02","49","No"
"POL-00299","Kurumsal","Trafik","Dijital","Marmara","2025-01-01","2025-01-20","2025-02-01","2025-01","28060","28060","0","Paid Late","12","Not Applicable","TRY","AG-11","45","Yes"
"POL-00300","Bireysel","Trafik","Acente","Karadeniz","2025-04-24","2025-05-14","2025-06-02","2025-04","9850","9850","0","Paid Late","19","Not Applicable","TRY","AG-11","58","Yes"
"POL-00301","Bireysel","Trafik","Acente","Karadeniz","2025-11-13","2025-12-04","","2025-11","6140","3320","2820","Overdue","20","1-30 Days","TRY","AG-13","65","Yes"
"POL-00302","Bireysel","Kasko","Çağrı Merkezi","Marmara","2025-11-11","2025-11-30","2025-11-28","2025-11","16060","16060","0","Paid On Time","0","Not Applicable","TRY","AG-06","44","Yes"
"POL-00303","Bireysel","Trafik","Dijital","Marmara","2025-01-08","2025-01-27","2025-02-19","2025-01","7500","7500","0","Paid Late","23","Not Applicable","TRY","AG-05","61","No"
"POL-00304","Bireysel","Konut","Acente","Marmara","2025-11-08","2025-11-28","2025-12-25","2025-11","4620","4620","0","Paid Late","27","Not Applicable","TRY","AG-16","28","Yes"
"POL-00305","KOBİ","Trafik","Acente","Ege","2025-08-10","2025-08-30","2025-08-26","2025-08","14610","14610","0","Paid On Time","0","Not Applicable","TRY","AG-08","66","Yes"
"POL-00306","KOBİ","Konut","Banka","Akdeniz","2025-01-20","2025-02-18","2025-02-16","2025-01","11190","11190","0","Paid On Time","0","Not Applicable","TRY","AG-03","42","Yes"
"POL-00307","KOBİ","Seyahat","Acente","İç Anadolu","2025-05-10","2025-05-29","2025-06-27","2025-05","3250","3250","0","Paid Late","29","Not Applicable","USD","AG-16","31","Yes"
"POL-00308","KOBİ","Kasko","Banka","Marmara","2025-05-01","2025-05-22","","2025-05","41730","0","41730","Cancelled","0","Not Applicable","TRY","AG-08","69","Yes"
"POL-00309","KOBİ","Konut","Dijital","İç Anadolu","2025-03-15","2025-03-30","2025-03-25","2025-03","6270","6270","0","Paid On Time","0","Not Applicable","TRY","AG-18","42","Yes"
"POL-00310","Bireysel","Trafik","Acente","Karadeniz","2025-02-07","2025-02-26","2025-02-26","2025-02","7190","7190","0","Paid On Time","0","Not Applicable","TRY","AG-07","70","Yes"
"POL-00311","Bireysel","Konut","Acente","Ege","2025-05-18","2025-06-01","2025-05-29","2025-05","6640","6640","0","Paid On Time","0","Not Applicable","EUR","AG-16","42","No"
"POL-00312","Bireysel","Trafik","Dijital","İç Anadolu","2025-04-06","2025-04-29","2025-05-01","2025-04","7360","7360","0","Paid Late","2","Not Applicable","TRY","AG-12","58","No"
"POL-00313","Bireysel","Trafik","Acente","Karadeniz","2025-07-24","2025-08-14","2025-09-07","2025-07","9250","9250","0","Paid Late","24","Not Applicable","TRY","AG-02","56","Yes"
"POL-00314","Bireysel","Kasko","Acente","Ege","2025-01-21","2025-02-19","2025-02-14","2025-01","23980","23980","0","Paid On Time","0","Not Applicable","TRY","AG-10","52","Yes"
"POL-00315","Bireysel","Trafik","Çağrı Merkezi","İç Anadolu","2025-06-19","2025-07-19","2025-07-16","2025-06","8000","8000","0","Paid On Time","0","Not Applicable","TRY","AG-08","68","Yes"
"POL-00316","Bireysel","Trafik","Dijital","Akdeniz","2025-08-18","2025-09-10","2025-09-09","2025-08","5220","5220","0","Paid On Time","0","Not Applicable","TRY","AG-13","65","Yes"
"POL-00317","Bireysel","Kasko","Dijital","Marmara","2025-07-24","2025-08-11","2025-08-09","2025-07","18160","18160","0","Paid On Time","0","Not Applicable","TRY","AG-07","54","No"
"POL-00318","Kurumsal","Kasko","Çağrı Merkezi","Marmara","2025-04-01","2025-04-15","2025-04-13","2025-04","60920","60920","0","Paid On Time","0","Not Applicable","TRY","AG-09","65","Yes"
"POL-00319","Bireysel","Kasko","Acente","Marmara","2025-05-13","2025-05-31","2025-05-30","2025-05","16760","16760","0","Paid On Time","0","Not Applicable","TRY","AG-06","50","Yes"
"POL-00320","Bireysel","Trafik","Dijital","İç Anadolu","2025-05-09","2025-05-25","2025-05-24","2025-05","6070","6070","0","Paid On Time","0","Not Applicable","TRY","AG-04","52","Yes"
"POL-00321","Kurumsal","Trafik","Dijital","Marmara","2025-07-12","2025-07-30","2025-07-29","2025-07","19420","19420","0","Paid On Time","0","Not Applicable","TRY","AG-01","49","Yes"
"POL-00322","Bireysel","Kasko","Çağrı Merkezi","Ege","2025-07-01","2025-07-21","2025-07-19","2025-07","13920","13920","0","Paid On Time","0","Not Applicable","TRY","AG-11","70","Yes"
"POL-00323","Bireysel","Kasko","Dijital","Ege","2025-08-06","2025-09-05","2025-09-05","2025-08","13050","13050","0","Paid On Time","0","Not Applicable","TRY","AG-10","71","Yes"
"POL-00324","Bireysel","Kasko","Dijital","Akdeniz","2025-03-23","2025-04-10","2025-04-09","2025-03","19120","19120","0","Paid On Time","0","Not Applicable","TRY","AG-07","72","Yes"
"POL-00325","Bireysel","Kasko","Dijital","İç Anadolu","2025-02-21","2025-03-07","2025-03-03","2025-02","20830","20830","0","Paid On Time","0","Not Applicable","TRY","AG-12","73","Yes"
"POL-00326","KOBİ","Sağlık","Banka","Akdeniz","2025-10-05","2025-10-30","2025-10-25","2025-10","35350","35350","0","Paid On Time","0","Not Applicable","TRY","AG-02","56","Yes"
"POL-00327","Bireysel","Konut","Çağrı Merkezi","Akdeniz","2025-07-12","2025-08-01","2025-07-29","2025-07","6550","6550","0","Paid On Time","0","Not Applicable","TRY","AG-09","22","Yes"
"POL-00328","Bireysel","Kasko","Acente","İç Anadolu","2025-09-02","2025-09-17","2025-10-08","2025-09","22310","22310","0","Paid Late","21","Not Applicable","TRY","AG-06","74","No"
"POL-00329","Bireysel","Sağlık","Banka","İç Anadolu","2025-12-05","2026-01-04","2025-12-30","2025-12","25260","25260","0","Paid On Time","0","Not Applicable","TRY","AG-07","54","Yes"
"POL-00330","Bireysel","Sağlık","Banka","Karadeniz","2025-10-01","2025-10-29","2025-11-25","2025-10","25440","25440","0","Paid Late","27","Not Applicable","TRY","AG-01","56","No"
"POL-00331","Bireysel","Konut","Acente","Marmara","2025-08-02","2025-08-26","","2025-08","4450","0","4450","Cancelled","0","Not Applicable","TRY","AG-03","55","No"
"POL-00332","KOBİ","Seyahat","Dijital","Karadeniz","2025-04-13","2025-05-04","2025-05-09","2025-04","3360","3360","0","Paid Late","5","Not Applicable","TRY","AG-09","42","No"
"POL-00333","Bireysel","Trafik","Banka","Ege","2025-05-16","2025-05-31","2025-05-28","2025-05","7700","7700","0","Paid On Time","0","Not Applicable","TRY","AG-11","60","No"
"POL-00334","Kurumsal","Konut","Acente","İç Anadolu","2025-08-09","2025-08-27","2025-08-23","2025-08","19010","19010","0","Paid On Time","0","Not Applicable","TRY","AG-02","28","Yes"
"POL-00335","Bireysel","Trafik","Acente","Akdeniz","2025-05-14","2025-06-01","2025-06-04","2025-05","7390","7390","0","Paid Late","3","Not Applicable","TRY","AG-04","52","No"
"POL-00336","Bireysel","Trafik","Acente","İç Anadolu","2025-10-14","2025-11-03","2025-10-31","2025-10","5290","5290","0","Paid On Time","0","Not Applicable","TRY","AG-09","61","Yes"
"POL-00337","Bireysel","Konut","Çağrı Merkezi","Ege","2025-11-09","2025-11-25","2025-11-25","2025-11","4960","4960","0","Paid On Time","0","Not Applicable","TRY","AG-01","25","Yes"
"POL-00338","Kurumsal","Konut","Banka","Marmara","2025-10-08","2025-10-29","2025-10-26","2025-10","14140","14140","0","Paid On Time","0","Not Applicable","TRY","AG-14","23","Yes"
"POL-00339","Bireysel","Kasko","Acente","Karadeniz","2025-11-14","2025-11-28","2025-12-02","2025-11","22680","22680","0","Paid Late","4","Not Applicable","TRY","AG-08","59","Yes"
"POL-00340","Kurumsal","Trafik","Acente","Ege","2025-10-02","2025-10-19","2025-10-15","2025-10","27040","27040","0","Paid On Time","0","Not Applicable","TRY","AG-01","60","Yes"
"POL-00341","Bireysel","Kasko","Acente","İç Anadolu","2025-05-08","2025-06-05","2025-06-05","2025-05","15970","15970","0","Paid On Time","0","Not Applicable","TRY","AG-09","46","Yes"
"POL-00342","Kurumsal","Kasko","Dijital","Ege","2025-09-14","2025-10-09","","2025-09","79590","0","79590","Overdue","53","31-60 Days","TRY","AG-02","59","No"
"POL-00343","Kurumsal","Kasko","Dijital","Karadeniz","2025-07-05","2025-07-31","2025-07-26","2025-07","52780","52780","0","Paid On Time","0","Not Applicable","TRY","AG-11","37","Yes"
"POL-00344","Bireysel","Kasko","Dijital","Marmara","2025-11-23","2025-12-14","2025-12-10","2025-11","21030","21030","0","Paid On Time","0","Not Applicable","TRY","AG-18","48","Yes"
"POL-00345","Bireysel","Kasko","Dijital","İç Anadolu","2025-02-06","2025-02-25","2025-03-07","2025-02","20090","20090","0","Paid Late","10","Not Applicable","TRY","AG-01","60","Yes"
"POL-00346","KOBİ","Kasko","Banka","İç Anadolu","2025-04-15","2025-05-01","","2025-04","44370","0","44370","Overdue","79","61-90 Days","TRY","AG-11","65","No"
"POL-00347","Bireysel","Konut","Dijital","İç Anadolu","2025-07-04","2025-07-23","","2025-07","6030","0","6030","Overdue","38","31-60 Days","TRY","AG-03","32","No"
"POL-00348","Kurumsal","Seyahat","Dijital","Akdeniz","2025-03-06","2025-03-27","2025-03-23","2025-03","7620","7620","0","Paid On Time","0","Not Applicable","TRY","AG-12","15","Yes"
"POL-00349","KOBİ","Kasko","Çağrı Merkezi","Ege","2025-04-23","2025-05-19","2025-06-05","2025-04","26000","26000","0","Paid Late","17","Not Applicable","TRY","AG-10","74","Yes"
"POL-00350","Bireysel","Trafik","Banka","Karadeniz","2025-05-23","2025-06-22","2025-06-17","2025-05","6370","6370","0","Paid On Time","0","Not Applicable","TRY","AG-02","45","Yes"
"POL-00351","KOBİ","Kasko","Çağrı Merkezi","İç Anadolu","2025-11-10","2025-12-09","2025-12-15","2025-11","33410","33410","0","Paid Late","6","Not Applicable","TRY","AG-13","45","No"
"POL-00352","Bireysel","Sağlık","Acente","Marmara","2025-06-14","2025-07-06","","2025-06","29190","0","29190","Overdue","96","90+ Days","TRY","AG-17","52","No"
"POL-00353","Kurumsal","Trafik","Dijital","Marmara","2025-03-18","2025-04-08","2025-04-08","2025-03","24670","24670","0","Paid On Time","0","Not Applicable","TRY","AG-11","56","Yes"
"POL-00354","KOBİ","Trafik","Acente","Akdeniz","2025-07-08","2025-08-06","2025-08-05","2025-07","9500","9500","0","Paid On Time","0","Not Applicable","TRY","AG-18","41","Yes"
"POL-00355","KOBİ","Kasko","Acente","Marmara","2025-01-14","2025-02-09","2025-02-09","2025-01","31150","31150","0","Paid On Time","0","Not Applicable","TRY","AG-03","47","Yes"
"POL-00356","Bireysel","Seyahat","Dijital","Karadeniz","2025-04-13","2025-04-28","2025-04-24","2025-04","2320","2320","0","Paid On Time","0","Not Applicable","TRY","AG-09","30","Yes"
"POL-00357","KOBİ","Kasko","Banka","İç Anadolu","2025-07-22","2025-08-09","2025-09-02","2025-07","44650","44650","0","Paid Late","24","Not Applicable","TRY","AG-04","60","No"
"POL-00358","Kurumsal","Sağlık","Acente","İç Anadolu","2025-03-14","2025-04-02","2025-04-02","2025-03","72610","72610","0","Paid On Time","0","Not Applicable","TRY","AG-01","67","Yes"
"POL-00359","KOBİ","Trafik","Banka","Marmara","2025-09-05","2025-10-05","2025-10-04","2025-09","10760","10760","0","Paid On Time","0","Not Applicable","TRY","AG-14","51","Yes"
"POL-00360","Bireysel","Trafik","Dijital","Ege","2025-10-15","2025-10-31","2025-10-29","2025-10","5940","5940","0","Paid On Time","0","Not Applicable","TRY","AG-17","39","No"
"POL-00361","KOBİ","Konut","Acente","Marmara","2025-08-13","2025-08-31","2025-08-30","2025-08","12090","12090","0","Paid On Time","0","Not Applicable","TRY","AG-09","33","No"
"POL-00362","KOBİ","Trafik","Acente","Marmara","2025-12-09","2026-01-05","2025-12-31","2025-12","17930","17930","0","Paid On Time","0","Not Applicable","TRY","AG-03","57","Yes"
"POL-00363","Bireysel","Konut","Çağrı Merkezi","Marmara","2025-11-18","2025-12-02","2025-11-28","2025-11","5500","5500","0","Paid On Time","0","Not Applicable","TRY","AG-18","43","Yes"
"POL-00364","Bireysel","Trafik","Banka","Karadeniz","2025-03-13","2025-04-08","","2025-03","5660","0","5660","Cancelled","0","Not Applicable","TRY","AG-12","44","No"
"POL-00365","Bireysel","Trafik","Banka","Ege","2025-03-14","2025-03-31","","2025-03","6890","0","6890","Overdue","69","61-90 Days","TRY","AG-10","41","No"
"POL-00366","Bireysel","Kasko","Acente","Marmara","2025-08-08","2025-09-05","2025-08-31","2025-08","15390","15390","0","Paid On Time","0","Not Applicable","TRY","AG-14","61","Yes"
"POL-00367","Bireysel","Kasko","Dijital","Ege","2025-11-10","2025-11-26","2025-12-11","2025-11","17370","17370","0","Paid Late","15","Not Applicable","TRY","AG-13","70","Yes"
"POL-00368","Bireysel","Trafik","Acente","Marmara","2025-01-14","2025-01-29","2025-01-24","2025-01","7640","7640","0","Paid On Time","0","Not Applicable","TRY","AG-11","43","Yes"
"POL-00369","Bireysel","Seyahat","Banka","Akdeniz","2025-07-21","2025-08-14","2025-08-14","2025-07","2170","2170","0","Paid On Time","0","Not Applicable","TRY","AG-18","17","Yes"
"POL-00370","Bireysel","Trafik","Acente","Marmara","2025-08-01","2025-08-17","2025-08-17","2025-08","6990","6990","0","Paid On Time","0","Not Applicable","TRY","AG-04","50","Yes"
"POL-00371","Bireysel","Kasko","Acente","Marmara","2025-04-12","2025-04-30","2025-05-09","2025-04","22130","22130","0","Paid Late","9","Not Applicable","TRY","AG-10","64","No"
"POL-00372","Bireysel","Trafik","Dijital","Karadeniz","2025-06-14","2025-07-06","","2025-06","6000","0","6000","Overdue","70","61-90 Days","TRY","AG-02","68","No"
"POL-00373","Bireysel","Trafik","Acente","Ege","2025-01-02","2025-01-27","2025-01-25","2025-01","7640","7640","0","Paid On Time","0","Not Applicable","TRY","AG-14","42","Yes"
"POL-00374","KOBİ","Kasko","Banka","Akdeniz","2025-09-06","2025-10-05","2025-10-22","2025-09","42840","42840","0","Paid Late","17","Not Applicable","TRY","AG-01","51","Yes"
"POL-00375","Bireysel","Trafik","Çağrı Merkezi","Marmara","2025-02-10","2025-03-02","2025-03-23","2025-02","7440","7440","0","Paid Late","21","Not Applicable","TRY","AG-10","47","Yes"
"POL-00376","Bireysel","Trafik","Acente","Karadeniz","2025-02-04","2025-03-05","","2025-02","5390","3050","2340","Overdue","72","61-90 Days","TRY","AG-10","62","No"
"POL-00377","KOBİ","Sağlık","Acente","İç Anadolu","2025-12-15","2026-01-08","2026-01-03","2025-12","59200","59200","0","Paid On Time","0","Not Applicable","TRY","AG-06","61","Yes"
"POL-00378","Bireysel","Kasko","Acente","Karadeniz","2025-03-07","2025-03-29","2025-03-28","2025-03","19430","19430","0","Paid On Time","0","Not Applicable","TRY","AG-03","71","Yes"
"POL-00379","Bireysel","Konut","Acente","Akdeniz","2025-02-08","2025-03-07","2025-03-02","2025-02","3690","3690","0","Paid On Time","0","Not Applicable","TRY","AG-14","34","Yes"
"POL-00380","Bireysel","Konut","Acente","İç Anadolu","2025-05-23","2025-06-15","","2025-05","5700","0","5700","Overdue","90","61-90 Days","TRY","AG-14","32","No"
"POL-00381","Bireysel","Kasko","Acente","Akdeniz","2025-09-11","2025-10-11","2025-11-06","2025-09","23570","23570","0","Paid Late","26","Not Applicable","EUR","AG-01","48","No"
"POL-00382","Bireysel","Kasko","Acente","Ege","2025-08-07","2025-09-03","2025-09-03","2025-08","12970","12970","0","Paid On Time","0","Not Applicable","TRY","AG-14","58","Yes"
"POL-00383","Bireysel","Trafik","Banka","Ege","2025-10-19","2025-11-02","2025-11-15","2025-10","7820","7820","0","Paid Late","13","Not Applicable","TRY","AG-02","57","Yes"
"POL-00384","Bireysel","Kasko","Dijital","Akdeniz","2025-05-16","2025-06-04","2025-06-03","2025-05","15070","15070","0","Paid On Time","0","Not Applicable","TRY","AG-18","69","Yes"
"POL-00385","KOBİ","Trafik","Acente","İç Anadolu","2025-12-11","2026-01-10","2026-01-06","2025-12","16220","16220","0","Paid On Time","0","Not Applicable","TRY","AG-10","40","Yes"
"POL-00386","Bireysel","Kasko","Dijital","Marmara","2025-01-17","2025-02-08","2025-02-06","2025-01","16200","16200","0","Paid On Time","0","Not Applicable","TRY","AG-10","73","Yes"
"POL-00387","Bireysel","Kasko","Çağrı Merkezi","Ege","2025-04-19","2025-05-14","2025-05-15","2025-04","14270","14270","0","Paid Late","1","Not Applicable","TRY","AG-01","48","Yes"
"POL-00388","Bireysel","Trafik","Acente","İç Anadolu","2025-09-05","2025-09-23","2025-09-21","2025-09","9750","9750","0","Paid On Time","0","Not Applicable","TRY","AG-05","55","Yes"
"POL-00389","Bireysel","Kasko","Dijital","Ege","2025-02-24","2025-03-22","2025-03-22","2025-02","20990","20990","0","Paid On Time","0","Not Applicable","EUR","AG-18","66","Yes"
"POL-00390","Bireysel","Sağlık","Banka","Akdeniz","2025-11-17","2025-12-09","","2025-11","28750","0","28750","Overdue","58","31-60 Days","USD","AG-05","61","Yes"
"POL-00391","Bireysel","Kasko","Acente","Marmara","2025-02-11","2025-03-02","2025-02-26","2025-02","17610","17610","0","Paid On Time","0","Not Applicable","TRY","AG-06","48","Yes"
"POL-00392","Kurumsal","Kasko","Acente","Marmara","2025-12-03","2025-12-19","2025-12-14","2025-12","62370","62370","0","Paid On Time","0","Not Applicable","TRY","AG-05","50","Yes"
"POL-00393","Bireysel","Konut","Acente","Marmara","2025-01-02","2025-01-22","2025-01-22","2025-01","5270","5270","0","Paid On Time","0","Not Applicable","TRY","AG-03","29","No"
"POL-00394","Bireysel","Kasko","Acente","Marmara","2025-06-02","2025-06-28","2025-06-26","2025-06","16090","16090","0","Paid On Time","0","Not Applicable","TRY","AG-10","41","Yes"
"POL-00395","Bireysel","Konut","Banka","Karadeniz","2025-01-04","2025-01-28","2025-01-24","2025-01","4990","4990","0","Paid On Time","0","Not Applicable","TRY","AG-18","25","Yes"
"POL-00396","Bireysel","Kasko","Acente","Marmara","2025-04-11","2025-05-04","2025-05-04","2025-04","21380","21380","0","Paid On Time","0","Not Applicable","TRY","AG-11","67","Yes"
"POL-00397","Bireysel","Kasko","Banka","Marmara","2025-09-03","2025-09-22","2025-09-24","2025-09","21270","21270","0","Paid Late","2","Not Applicable","TRY","AG-13","46","Yes"
"POL-00398","Bireysel","Seyahat","Dijital","Ege","2025-01-20","2025-02-19","2025-02-15","2025-01","2170","2170","0","Paid On Time","0","Not Applicable","TRY","AG-01","34","Yes"
"POL-00399","Bireysel","Kasko","Dijital","İç Anadolu","2025-10-15","2025-10-29","","2025-10","20290","0","20290","Cancelled","0","Not Applicable","TRY","AG-06","72","No"
"POL-00400","Bireysel","Konut","Banka","İç Anadolu","2025-10-06","2025-10-27","2025-10-23","2025-10","6370","6370","0","Paid On Time","0","Not Applicable","TRY","AG-04","28","Yes"
"POL-00401","Kurumsal","Trafik","Acente","İç Anadolu","2025-04-18","2025-05-12","2025-05-30","2025-04","32040","32040","0","Paid Late","18","Not Applicable","TRY","AG-15","44","Yes"
"POL-00402","Bireysel","Kasko","Banka","Marmara","2025-11-02","2025-11-24","2025-11-28","2025-11","18930","18930","0","Paid Late","4","Not Applicable","TRY","AG-03","47","No"
"POL-00403","Bireysel","Kasko","Dijital","Marmara","2025-02-19","2025-03-14","2025-04-04","2025-02","23680","23680","0","Paid Late","21","Not Applicable","TRY","AG-06","62","No"
"POL-00404","Bireysel","Konut","Acente","Marmara","2025-05-20","2025-06-17","2025-06-14","2025-05","5600","5600","0","Paid On Time","0","Not Applicable","TRY","AG-03","27","Yes"
"POL-00405","Bireysel","Konut","Banka","Ege","2025-05-08","2025-05-23","2025-06-21","2025-05","5090","5090","0","Paid Late","29","Not Applicable","TRY","AG-10","40","Yes"
"POL-00406","Bireysel","Kasko","Acente","Ege","2025-01-15","2025-02-10","2025-02-06","2025-01","13590","13590","0","Paid On Time","0","Not Applicable","TRY","AG-17","48","No"
"POL-00407","Bireysel","Sağlık","Dijital","İç Anadolu","2025-05-09","2025-05-27","2025-05-22","2025-05","19590","19590","0","Paid On Time","0","Not Applicable","TRY","AG-16","65","Yes"
"POL-00408","Bireysel","Konut","Dijital","Marmara","2025-07-22","2025-08-21","2025-09-17","2025-07","6530","6530","0","Paid Late","27","Not Applicable","TRY","AG-01","47","No"
"POL-00409","Kurumsal","Konut","Dijital","Marmara","2025-08-07","2025-09-05","2025-09-04","2025-08","12610","12610","0","Paid On Time","0","Not Applicable","TRY","AG-10","23","Yes"
"POL-00410","Bireysel","Trafik","Acente","Ege","2025-06-04","2025-06-28","2025-06-27","2025-06","8640","8640","0","Paid On Time","0","Not Applicable","TRY","AG-06","56","Yes"
"POL-00411","KOBİ","Kasko","Banka","Marmara","2025-05-08","2025-05-23","2025-05-22","2025-05","25780","25780","0","Paid On Time","0","Not Applicable","TRY","AG-01","71","Yes"
"POL-00412","KOBİ","Konut","Acente","Marmara","2025-04-24","2025-05-22","2025-05-20","2025-04","7040","7040","0","Paid On Time","0","Not Applicable","TRY","AG-06","26","Yes"
"POL-00413","KOBİ","Trafik","Acente","Karadeniz","2025-04-23","2025-05-15","2025-05-14","2025-04","15090","15090","0","Paid On Time","0","Not Applicable","TRY","AG-08","54","Yes"
"POL-00414","KOBİ","Trafik","Çağrı Merkezi","Marmara","2025-12-01","2025-12-27","2025-12-22","2025-12","13170","13170","0","Paid On Time","0","Not Applicable","TRY","AG-01","69","Yes"
"POL-00415","Bireysel","Konut","Dijital","İç Anadolu","2025-05-09","2025-05-31","2025-05-27","2025-05","4510","4510","0","Paid On Time","0","Not Applicable","TRY","AG-12","22","Yes"
"POL-00416","Bireysel","Sağlık","Acente","İç Anadolu","2025-07-17","2025-08-02","2025-08-02","2025-07","20690","20690","0","Paid On Time","0","Not Applicable","TRY","AG-10","57","Yes"
"POL-00417","Bireysel","Seyahat","Acente","Ege","2025-02-12","2025-02-26","","2025-02","2580","0","2580","Overdue","10","1-30 Days","TRY","AG-08","42","Yes"
"POL-00418","Bireysel","Kasko","Banka","Karadeniz","2025-03-03","2025-03-17","2025-03-12","2025-03","17650","17650","0","Paid On Time","0","Not Applicable","TRY","AG-18","47","Yes"
"POL-00419","Kurumsal","Kasko","Dijital","Akdeniz","2025-06-23","2025-07-09","2025-07-06","2025-06","73280","73280","0","Paid On Time","0","Not Applicable","TRY","AG-01","67","Yes"
"POL-00420","Kurumsal","Sağlık","Dijital","İç Anadolu","2025-05-17","2025-06-12","2025-06-12","2025-05","98130","98130","0","Paid On Time","0","Not Applicable","TRY","AG-08","58","Yes"
"POL-00421","Bireysel","Kasko","Acente","İç Anadolu","2025-07-12","2025-08-11","2025-08-08","2025-07","17150","17150","0","Paid On Time","0","Not Applicable","TRY","AG-05","72","No"
"POL-00422","Kurumsal","Sağlık","Banka","Karadeniz","2025-03-03","2025-03-21","2025-04-10","2025-03","60790","60790","0","Paid Late","20","Not Applicable","USD","AG-09","53","Yes"
"POL-00423","Bireysel","Trafik","Dijital","Marmara","2025-09-14","2025-10-03","2025-09-29","2025-09","8890","8890","0","Paid On Time","0","Not Applicable","TRY","AG-12","59","Yes"
"POL-00424","Bireysel","Sağlık","Acente","İç Anadolu","2025-11-11","2025-12-06","","2025-11","29920","0","29920","Overdue","69","61-90 Days","TRY","AG-15","58","No"
"POL-00425","Bireysel","Kasko","Banka","Marmara","2025-04-15","2025-05-02","2025-04-30","2025-04","24830","24830","0","Paid On Time","0","Not Applicable","TRY","AG-07","62","Yes"
"POL-00426","Bireysel","Trafik","Dijital","Ege","2025-06-11","2025-07-11","2025-07-08","2025-06","6100","6100","0","Paid On Time","0","Not Applicable","TRY","AG-04","40","Yes"
"POL-00427","Bireysel","Trafik","Banka","Marmara","2025-07-11","2025-07-28","2025-08-16","2025-07","7250","7250","0","Paid Late","19","Not Applicable","TRY","AG-14","62","Yes"
"POL-00428","Bireysel","Trafik","Acente","Ege","2025-12-11","2026-01-08","","2025-12","5740","0","5740","Cancelled","0","Not Applicable","TRY","AG-18","46","No"
"POL-00429","Bireysel","Kasko","Acente","Marmara","2025-11-21","2025-12-16","2026-01-03","2025-11","19930","19930","0","Paid Late","18","Not Applicable","TRY","AG-02","56","Yes"
"POL-00430","Bireysel","Kasko","Banka","Marmara","2025-07-10","2025-07-26","2025-07-28","2025-07","16900","16900","0","Paid Late","2","Not Applicable","TRY","AG-09","59","Yes"
"POL-00431","Bireysel","Kasko","Acente","Ege","2025-07-19","2025-08-03","2025-08-01","2025-07","24000","24000","0","Paid On Time","0","Not Applicable","TRY","AG-17","59","Yes"
"POL-00432","Bireysel","Kasko","Acente","Marmara","2025-04-20","2025-05-13","2025-05-30","2025-04","15930","15930","0","Paid Late","17","Not Applicable","TRY","AG-04","45","No"
"POL-00433","KOBİ","Konut","Çağrı Merkezi","Marmara","2025-02-01","2025-02-20","2025-02-15","2025-02","8200","8200","0","Paid On Time","0","Not Applicable","TRY","AG-10","46","Yes"
"POL-00434","Bireysel","Konut","Acente","Akdeniz","2025-11-22","2025-12-21","2025-12-16","2025-11","4290","4290","0","Paid On Time","0","Not Applicable","TRY","AG-13","37","No"
"POL-00435","Bireysel","Kasko","Çağrı Merkezi","Akdeniz","2025-05-10","2025-05-26","","2025-05","19250","0","19250","Cancelled","0","Not Applicable","TRY","AG-05","74","No"
"POL-00436","Bireysel","Sağlık","Acente","Ege","2025-01-05","2025-02-03","2025-02-01","2025-01","19330","19330","0","Paid On Time","0","Not Applicable","TRY","AG-15","64","Yes"
"POL-00437","Bireysel","Trafik","Acente","İç Anadolu","2025-03-24","2025-04-20","2025-04-19","2025-03","6550","6550","0","Paid On Time","0","Not Applicable","TRY","AG-10","52","Yes"
"POL-00438","Bireysel","Seyahat","Acente","İç Anadolu","2025-04-05","2025-05-03","2025-05-27","2025-04","2260","2260","0","Paid Late","24","Not Applicable","TRY","AG-18","24","No"
"POL-00439","KOBİ","Sağlık","Dijital","Marmara","2025-03-22","2025-04-13","2025-04-12","2025-03","38900","38900","0","Paid On Time","0","Not Applicable","TRY","AG-11","47","No"
"POL-00440","Bireysel","Kasko","Acente","Marmara","2025-11-21","2025-12-07","2025-12-02","2025-11","20600","20600","0","Paid On Time","0","Not Applicable","TRY","AG-17","59","No"
"POL-00441","Kurumsal","Konut","Acente","Karadeniz","2025-02-03","2025-02-20","2025-03-03","2025-02","16610","16610","0","Paid Late","11","Not Applicable","TRY","AG-02","43","Yes"
"POL-00442","Bireysel","Seyahat","Acente","Marmara","2025-08-20","2025-09-07","2025-09-05","2025-08","1590","1590","0","Paid On Time","0","Not Applicable","USD","AG-05","34","Yes"
"POL-00443","Kurumsal","Kasko","Acente","Akdeniz","2025-10-13","2025-11-12","2025-11-07","2025-10","67900","67900","0","Paid On Time","0","Not Applicable","TRY","AG-03","44","Yes"
"POL-00444","Kurumsal","Konut","Dijital","Marmara","2025-11-14","2025-12-12","2025-12-10","2025-11","17400","17400","0","Paid On Time","0","Not Applicable","TRY","AG-13","45","Yes"
"POL-00445","KOBİ","Trafik","Acente","Marmara","2025-02-01","2025-02-28","","2025-02","10420","5420","5000","Overdue","114","90+ Days","TRY","AG-10","51","Yes"
"POL-00446","Bireysel","Trafik","Acente","Marmara","2025-10-14","2025-11-05","2025-11-04","2025-10","5470","5470","0","Paid On Time","0","Not Applicable","TRY","AG-11","56","Yes"
"POL-00447","Bireysel","Sağlık","Çağrı Merkezi","Marmara","2025-02-02","2025-02-23","2025-02-24","2025-02","26570","26570","0","Paid Late","1","Not Applicable","TRY","AG-09","64","Yes"
"POL-00448","Bireysel","Trafik","Çağrı Merkezi","İç Anadolu","2025-09-11","2025-10-03","2025-09-30","2025-09","7570","7570","0","Paid On Time","0","Not Applicable","TRY","AG-11","40","No"
"POL-00449","Bireysel","Kasko","Banka","Marmara","2025-11-07","2025-11-21","","2025-11","13650","7650","6000","Overdue","28","1-30 Days","TRY","AG-05","57","Yes"
"POL-00450","Bireysel","Trafik","Dijital","Marmara","2025-09-03","2025-09-25","","2025-09","5890","0","5890","Cancelled","0","Not Applicable","TRY","AG-02","40","No"
"POL-00451","KOBİ","Sağlık","Banka","Marmara","2025-08-11","2025-08-31","2025-09-18","2025-08","56790","56790","0","Paid Late","18","Not Applicable","TRY","AG-18","63","Yes"
"POL-00452","Kurumsal","Trafik","Acente","Marmara","2025-07-07","2025-07-31","2025-08-02","2025-07","23450","23450","0","Paid Late","2","Not Applicable","TRY","AG-13","63","Yes"
"POL-00453","KOBİ","Kasko","Acente","İç Anadolu","2025-03-07","2025-03-25","2025-03-22","2025-03","34620","34620","0","Paid On Time","0","Not Applicable","TRY","AG-13","45","Yes"
"POL-00454","Bireysel","Sağlık","Dijital","İç Anadolu","2025-02-01","2025-02-26","2025-02-22","2025-02","30430","30430","0","Paid On Time","0","Not Applicable","TRY","AG-17","78","Yes"
"POL-00455","Kurumsal","Kasko","Çağrı Merkezi","Marmara","2025-06-17","2025-07-07","","2025-06","88710","54400","34310","Overdue","25","1-30 Days","TRY","AG-11","58","No"
"POL-00456","Bireysel","Seyahat","Dijital","Marmara","2025-06-02","2025-07-01","2025-06-30","2025-06","1790","1790","0","Paid On Time","0","Not Applicable","TRY","AG-12","42","No"
"POL-00457","KOBİ","Seyahat","Banka","İç Anadolu","2025-09-02","2025-09-29","2025-09-24","2025-09","4790","4790","0","Paid On Time","0","Not Applicable","TRY","AG-09","41","Yes"
"POL-00458","Bireysel","Trafik","Dijital","Akdeniz","2025-11-06","2025-12-04","2025-11-30","2025-11","9440","9440","0","Paid On Time","0","Not Applicable","TRY","AG-16","68","Yes"
"POL-00459","Bireysel","Sağlık","Acente","Marmara","2025-10-14","2025-11-05","2025-11-01","2025-10","20420","20420","0","Paid On Time","0","Not Applicable","TRY","AG-10","73","Yes"
"POL-00460","Bireysel","Seyahat","Acente","Ege","2025-01-01","2025-01-25","2025-01-20","2025-01","2590","2590","0","Paid On Time","0","Not Applicable","TRY","AG-07","34","Yes"
"POL-00461","Kurumsal","Kasko","Banka","Marmara","2025-09-19","2025-10-16","2025-10-13","2025-09","56910","56910","0","Paid On Time","0","Not Applicable","TRY","AG-12","68","Yes"
"POL-00462","Bireysel","Sağlık","Acente","Ege","2025-05-23","2025-06-17","2025-06-27","2025-05","18870","18870","0","Paid Late","10","Not Applicable","TRY","AG-14","47","Yes"
"POL-00463","Bireysel","Trafik","Çağrı Merkezi","Marmara","2025-07-23","2025-08-08","2025-08-03","2025-07","8900","8900","0","Paid On Time","0","Not Applicable","TRY","AG-16","54","Yes"
"POL-00464","Bireysel","Kasko","Acente","Ege","2025-07-09","2025-07-23","2025-07-20","2025-07","15830","15830","0","Paid On Time","0","Not Applicable","TRY","AG-02","46","Yes"
"POL-00465","Kurumsal","Konut","Acente","Akdeniz","2025-06-09","2025-07-07","2025-07-04","2025-06","13900","13900","0","Paid On Time","0","Not Applicable","TRY","AG-07","40","Yes"
"POL-00466","Bireysel","Kasko","Çağrı Merkezi","Marmara","2025-05-23","2025-06-19","","2025-05","23580","12170","11410","Overdue","80","61-90 Days","TRY","AG-17","68","No"
"POL-00467","Bireysel","Konut","Acente","Marmara","2025-06-15","2025-06-30","2025-06-26","2025-06","6200","6200","0","Paid On Time","0","Not Applicable","EUR","AG-16","36","Yes"
"POL-00468","KOBİ","Konut","Çağrı Merkezi","Marmara","2025-06-07","2025-06-29","","2025-06","9150","4180","4970","Overdue","100","90+ Days","TRY","AG-08","39","No"
"POL-00469","KOBİ","Kasko","Banka","Marmara","2025-01-13","2025-01-27","2025-01-23","2025-01","38680","38680","0","Paid On Time","0","Not Applicable","TRY","AG-02","45","Yes"
"POL-00470","Kurumsal","Kasko","Banka","Ege","2025-07-16","2025-08-04","2025-07-30","2025-07","62980","62980","0","Paid On Time","0","Not Applicable","TRY","AG-07","63","Yes"
"POL-00471","Bireysel","Kasko","Dijital","Akdeniz","2025-06-13","2025-07-01","2025-06-27","2025-06","16630","16630","0","Paid On Time","0","Not Applicable","TRY","AG-12","49","No"
"POL-00472","KOBİ","Kasko","Dijital","Marmara","2025-12-24","2026-01-23","2026-01-22","2025-12","29660","29660","0","Paid On Time","0","Not Applicable","TRY","AG-10","47","Yes"
"POL-00473","Bireysel","Kasko","Acente","Marmara","2025-01-19","2025-02-08","2025-02-07","2025-01","15430","15430","0","Paid On Time","0","Not Applicable","TRY","AG-15","73","Yes"
"POL-00474","Bireysel","Konut","Acente","İç Anadolu","2025-11-11","2025-11-30","2025-11-28","2025-11","6690","6690","0","Paid On Time","0","Not Applicable","TRY","AG-10","22","Yes"
"POL-00475","Bireysel","Trafik","Dijital","İç Anadolu","2025-07-11","2025-07-26","2025-07-25","2025-07","6650","6650","0","Paid On Time","0","Not Applicable","TRY","AG-09","49","Yes"
"POL-00476","Bireysel","Trafik","Çağrı Merkezi","Marmara","2025-01-02","2025-01-27","2025-01-25","2025-01","6330","6330","0","Paid On Time","0","Not Applicable","TRY","AG-06","67","Yes"
"POL-00477","Bireysel","Trafik","Banka","Marmara","2025-07-09","2025-07-31","2025-07-31","2025-07","8570","8570","0","Paid On Time","0","Not Applicable","TRY","AG-18","40","Yes"
"POL-00478","Bireysel","Trafik","Dijital","Marmara","2025-11-11","2025-12-03","2025-11-28","2025-11","7330","7330","0","Paid On Time","0","Not Applicable","TRY","AG-15","56","Yes"
"POL-00479","Kurumsal","Konut","Acente","Akdeniz","2025-04-04","2025-04-29","2025-04-28","2025-04","15110","15110","0","Paid On Time","0","Not Applicable","TRY","AG-16","24","Yes"
"POL-00480","Bireysel","Sağlık","Çağrı Merkezi","Marmara","2025-03-15","2025-04-11","2025-04-15","2025-03","21740","21740","0","Paid Late","4","Not Applicable","TRY","AG-12","67","Yes"
"POL-00481","KOBİ","Trafik","Banka","Akdeniz","2025-08-06","2025-08-25","2025-08-25","2025-08","10620","10620","0","Paid On Time","0","Not Applicable","TRY","AG-05","52","No"
"POL-00482","Bireysel","Kasko","Acente","İç Anadolu","2025-02-05","2025-02-21","2025-03-19","2025-02","15960","15960","0","Paid Late","26","Not Applicable","TRY","AG-16","51","No"
"POL-00483","KOBİ","Trafik","Dijital","Marmara","2025-12-12","2025-12-26","2025-12-23","2025-12","12840","12840","0","Paid On Time","0","Not Applicable","TRY","AG-14","44","Yes"
"POL-00484","Bireysel","Trafik","Banka","Ege","2025-06-16","2025-07-16","2025-07-11","2025-06","7850","7850","0","Paid On Time","0","Not Applicable","TRY","AG-07","60","No"
"POL-00485","Bireysel","Konut","Acente","İç Anadolu","2025-04-01","2025-04-23","2025-05-06","2025-04","3830","3830","0","Paid Late","13","Not Applicable","TRY","AG-14","38","Yes"
"POL-00486","KOBİ","Kasko","Acente","Karadeniz","2025-07-12","2025-07-30","2025-07-25","2025-07","32990","32990","0","Paid On Time","0","Not Applicable","TRY","AG-07","57","Yes"
"POL-00487","Kurumsal","Kasko","Dijital","İç Anadolu","2025-10-15","2025-11-12","2025-11-08","2025-10","50340","50340","0","Paid On Time","0","Not Applicable","TRY","AG-06","61","Yes"
"POL-00488","Bireysel","Trafik","Banka","Karadeniz","2025-04-05","2025-04-20","2025-04-20","2025-04","7990","7990","0","Paid On Time","0","Not Applicable","TRY","AG-04","69","Yes"
"POL-00489","Bireysel","Kasko","Dijital","Marmara","2025-08-19","2025-09-04","2025-09-03","2025-08","18060","18060","0","Paid On Time","0","Not Applicable","TRY","AG-10","71","Yes"
"POL-00490","KOBİ","Trafik","Acente","İç Anadolu","2025-12-14","2026-01-06","2026-01-09","2025-12","13470","13470","0","Paid Late","3","Not Applicable","TRY","AG-08","46","Yes"
"POL-00491","Bireysel","Sağlık","Banka","Ege","2025-07-09","2025-08-03","2025-07-31","2025-07","23180","23180","0","Paid On Time","0","Not Applicable","TRY","AG-17","58","No"
"POL-00492","Bireysel","Konut","Dijital","Marmara","2025-06-01","2025-06-17","2025-06-17","2025-06","4520","4520","0","Paid On Time","0","Not Applicable","TRY","AG-05","47","Yes"
"POL-00493","KOBİ","Kasko","Banka","Marmara","2025-12-06","2025-12-27","","2025-12","37660","21280","16380","Overdue","40","31-60 Days","TRY","AG-10","42","No"
"POL-00494","Kurumsal","Seyahat","Dijital","Ege","2025-08-23","2025-09-18","2025-09-17","2025-08","9100","9100","0","Paid On Time","0","Not Applicable","TRY","AG-09","36","Yes"
"POL-00495","KOBİ","Kasko","Acente","Akdeniz","2025-10-11","2025-10-26","","2025-10","37120","20320","16800","Overdue","17","1-30 Days","TRY","AG-14","46","No"
"POL-00496","KOBİ","Trafik","Dijital","Marmara","2025-07-14","2025-07-28","2025-07-28","2025-07","11780","11780","0","Paid On Time","0","Not Applicable","TRY","AG-08","71","Yes"
"POL-00497","KOBİ","Kasko","Dijital","Ege","2025-11-18","2025-12-04","2025-11-29","2025-11","40900","40900","0","Paid On Time","0","Not Applicable","TRY","AG-16","51","Yes"
"POL-00498","Bireysel","Sağlık","Banka","Marmara","2025-04-23","2025-05-23","","2025-04","32910","0","32910","Cancelled","0","Not Applicable","TRY","AG-04","54","No"
"POL-00499","Bireysel","Kasko","Dijital","İç Anadolu","2025-02-03","2025-02-22","2025-02-22","2025-02","18430","18430","0","Paid On Time","0","Not Applicable","TRY","AG-11","47","Yes"
"POL-00500","Bireysel","Konut","Acente","Marmara","2025-09-05","2025-09-25","2025-09-24","2025-09","3540","3540","0","Paid On Time","0","Not Applicable","TRY","AG-17","50","No"
"POL-00501","Bireysel","Sağlık","Acente","Marmara","2025-08-17","2025-09-01","2025-08-29","2025-08","21580","21580","0","Paid On Time","0","Not Applicable","TRY","AG-07","76","Yes"
"POL-00502","KOBİ","Kasko","Acente","Ege","2025-09-21","2025-10-20","2025-10-17","2025-09","24220","24220","0","Paid On Time","0","Not Applicable","TRY","AG-14","68","No"
"POL-00503","Bireysel","Sağlık","Acente","Marmara","2025-08-24","2025-09-15","2025-09-13","2025-08","27220","27220","0","Paid On Time","0","Not Applicable","TRY","AG-02","71","Yes"
"POL-00504","Bireysel","Sağlık","Banka","Ege","2025-10-16","2025-11-01","2025-10-29","2025-10","28750","28750","0","Paid On Time","0","Not Applicable","TRY","AG-18","56","Yes"
"POL-00505","KOBİ","Kasko","Acente","İç Anadolu","2025-08-15","2025-09-11","2025-09-07","2025-08","35110","35110","0","Paid On Time","0","Not Applicable","TRY","AG-05","53","Yes"
"POL-00506","Bireysel","Sağlık","Banka","İç Anadolu","2025-04-07","2025-04-21","2025-04-21","2025-04","21260","21260","0","Paid On Time","0","Not Applicable","TRY","AG-12","61","Yes"
"POL-00507","KOBİ","Sağlık","Banka","İç Anadolu","2025-02-24","2025-03-10","2025-03-09","2025-02","50970","50970","0","Paid On Time","0","Not Applicable","TRY","AG-14","59","Yes"
"POL-00508","Bireysel","Trafik","Dijital","Marmara","2025-06-16","2025-07-05","2025-07-05","2025-06","6760","6760","0","Paid On Time","0","Not Applicable","TRY","AG-16","53","Yes"
"POL-00509","Bireysel","Kasko","Acente","İç Anadolu","2025-02-01","2025-02-22","2025-02-19","2025-02","22950","22950","0","Paid On Time","0","Not Applicable","TRY","AG-16","64","Yes"
"POL-00510","Bireysel","Sağlık","Banka","Karadeniz","2025-09-18","2025-10-10","2025-10-07","2025-09","30960","30960","0","Paid On Time","0","Not Applicable","TRY","AG-01","46","No"
"POL-00511","Bireysel","Sağlık","Acente","Marmara","2025-02-06","2025-02-27","2025-02-27","2025-02","18130","18130","0","Paid On Time","0","Not Applicable","TRY","AG-13","55","Yes"
"POL-00512","Kurumsal","Konut","Acente","Karadeniz","2025-06-05","2025-06-27","2025-06-26","2025-06","16160","16160","0","Paid On Time","0","Not Applicable","TRY","AG-05","23","Yes"
"POL-00513","Bireysel","Seyahat","Acente","Marmara","2025-04-02","2025-04-24","2025-04-23","2025-04","1980","1980","0","Paid On Time","0","Not Applicable","TRY","AG-05","48","Yes"
"POL-00514","Bireysel","Trafik","Acente","Marmara","2025-07-14","2025-07-28","2025-07-26","2025-07","7830","7830","0","Paid On Time","0","Not Applicable","TRY","AG-04","47","Yes"
"POL-00515","KOBİ","Trafik","Acente","İç Anadolu","2025-04-07","2025-04-25","2025-04-23","2025-04","9630","9630","0","Paid On Time","0","Not Applicable","TRY","AG-15","39","Yes"
"POL-00516","Bireysel","Kasko","Acente","İç Anadolu","2025-04-04","2025-04-19","2025-04-20","2025-04","25240","25240","0","Paid Late","1","Not Applicable","TRY","AG-14","45","Yes"
"POL-00517","Bireysel","Sağlık","Acente","Marmara","2025-04-20","2025-05-15","2025-06-05","2025-04","29160","29160","0","Paid Late","21","Not Applicable","TRY","AG-11","55","Yes"
"POL-00518","Bireysel","Trafik","Acente","Marmara","2025-11-07","2025-12-06","2025-12-10","2025-11","9910","9910","0","Paid Late","4","Not Applicable","TRY","AG-15","48","Yes"
"POL-00519","KOBİ","Kasko","Dijital","Akdeniz","2025-04-13","2025-05-02","2025-04-29","2025-04","40740","40740","0","Paid On Time","0","Not Applicable","TRY","AG-08","59","Yes"
"POL-00520","Bireysel","Kasko","Acente","Ege","2025-03-06","2025-03-21","2025-03-16","2025-03","22830","22830","0","Paid On Time","0","Not Applicable","TRY","AG-15","72","Yes"
"POL-00521","Bireysel","Trafik","Çağrı Merkezi","Marmara","2025-05-04","2025-05-28","2025-06-03","2025-05","8260","8260","0","Paid Late","6","Not Applicable","TRY","AG-16","40","Yes"
"POL-00522","Bireysel","Trafik","Banka","Marmara","2025-01-24","2025-02-23","2025-03-10","2025-01","9520","9520","0","Paid Late","15","Not Applicable","TRY","AG-13","62","Yes"
"POL-00523","Bireysel","Seyahat","Acente","Karadeniz","2025-07-07","2025-08-02","2025-07-30","2025-07","2620","2620","0","Paid On Time","0","Not Applicable","TRY","AG-10","23","Yes"
"POL-00524","KOBİ","Trafik","Acente","Karadeniz","2025-09-07","2025-10-01","2025-09-30","2025-09","13440","13440","0","Paid On Time","0","Not Applicable","TRY","AG-08","46","Yes"
"POL-00525","Bireysel","Kasko","Acente","Marmara","2025-10-15","2025-11-11","2025-11-12","2025-10","22940","22940","0","Paid Late","1","Not Applicable","TRY","AG-11","72","Yes"
"POL-00526","Bireysel","Trafik","Dijital","Karadeniz","2025-06-03","2025-06-22","2025-07-05","2025-06","9300","9300","0","Paid Late","13","Not Applicable","USD","AG-10","69","No"
"POL-00527","KOBİ","Konut","Çağrı Merkezi","Karadeniz","2025-06-16","2025-07-04","2025-07-15","2025-06","11950","11950","0","Paid Late","11","Not Applicable","TRY","AG-03","37","Yes"
"POL-00528","Bireysel","Sağlık","Çağrı Merkezi","Marmara","2025-09-20","2025-10-15","2025-11-05","2025-09","26060","26060","0","Paid Late","21","Not Applicable","TRY","AG-11","47","Yes"
"POL-00529","Bireysel","Seyahat","Acente","Akdeniz","2025-05-03","2025-05-31","2025-05-31","2025-05","2220","2220","0","Paid On Time","0","Not Applicable","TRY","AG-11","25","Yes"
"POL-00530","Bireysel","Trafik","Banka","Marmara","2025-10-06","2025-11-03","2025-11-01","2025-10","8210","8210","0","Paid On Time","0","Not Applicable","TRY","AG-01","42","Yes"
"POL-00531","KOBİ","Sağlık","Banka","İç Anadolu","2025-12-13","2026-01-02","2025-12-29","2025-12","50480","50480","0","Paid On Time","0","Not Applicable","TRY","AG-17","76","Yes"
"POL-00532","Bireysel","Sağlık","Acente","Ege","2025-03-02","2025-03-22","2025-03-20","2025-03","20970","20970","0","Paid On Time","0","Not Applicable","TRY","AG-15","59","Yes"
"POL-00533","Bireysel","Trafik","Acente","Marmara","2025-04-06","2025-05-01","2025-04-27","2025-04","5600","5600","0","Paid On Time","0","Not Applicable","TRY","AG-14","67","No"
"POL-00534","Bireysel","Konut","Acente","Akdeniz","2025-08-16","2025-09-14","2025-09-14","2025-08","6400","6400","0","Paid On Time","0","Not Applicable","TRY","AG-11","26","Yes"
"POL-00535","KOBİ","Sağlık","Çağrı Merkezi","Akdeniz","2025-09-22","2025-10-21","2025-10-22","2025-09","50540","50540","0","Paid Late","1","Not Applicable","TRY","AG-06","46","Yes"
"POL-00536","Bireysel","Seyahat","Dijital","Marmara","2025-09-04","2025-09-26","2025-09-24","2025-09","1820","1820","0","Paid On Time","0","Not Applicable","TRY","AG-05","44","Yes"
"POL-00537","Bireysel","Seyahat","Acente","Marmara","2025-11-12","2025-12-02","2025-11-29","2025-11","2610","2610","0","Paid On Time","0","Not Applicable","TRY","AG-07","33","Yes"
"POL-00538","KOBİ","Kasko","Banka","Marmara","2025-07-19","2025-08-18","2025-08-17","2025-07","42560","42560","0","Paid On Time","0","Not Applicable","TRY","AG-01","73","Yes"
"POL-00539","KOBİ","Trafik","Dijital","Karadeniz","2025-07-14","2025-07-28","2025-07-27","2025-07","11290","11290","0","Paid On Time","0","Not Applicable","TRY","AG-13","47","Yes"
"POL-00540","Bireysel","Seyahat","Çağrı Merkezi","İç Anadolu","2025-09-14","2025-10-06","2025-10-01","2025-09","1660","1660","0","Paid On Time","0","Not Applicable","TRY","AG-09","43","No"
"POL-00541","KOBİ","Konut","Acente","Karadeniz","2025-10-11","2025-11-08","2025-11-06","2025-10","11030","11030","0","Paid On Time","0","Not Applicable","TRY","AG-07","41","Yes"
"POL-00542","Kurumsal","Trafik","Dijital","Ege","2025-06-07","2025-06-29","2025-06-29","2025-06","35700","35700","0","Paid On Time","0","Not Applicable","TRY","AG-12","35","Yes"
"POL-00543","Bireysel","Trafik","Dijital","Marmara","2025-02-24","2025-03-15","2025-04-06","2025-02","8720","8720","0","Paid Late","22","Not Applicable","TRY","AG-09","53","No"
"POL-00544","Bireysel","Konut","Çağrı Merkezi","Marmara","2025-04-24","2025-05-21","2025-05-20","2025-04","5850","5850","0","Paid On Time","0","Not Applicable","TRY","AG-12","39","No"
"POL-00545","Bireysel","Kasko","Banka","Akdeniz","2025-05-15","2025-06-01","2025-05-30","2025-05","19570","19570","0","Paid On Time","0","Not Applicable","TRY","AG-08","63","Yes"
"POL-00546","Bireysel","Trafik","Çağrı Merkezi","Akdeniz","2025-05-05","2025-05-27","2025-05-27","2025-05","9560","9560","0","Paid On Time","0","Not Applicable","TRY","AG-14","43","Yes"
"POL-00547","Kurumsal","Kasko","Dijital","Ege","2025-06-15","2025-07-09","2025-07-08","2025-06","67840","67840","0","Paid On Time","0","Not Applicable","TRY","AG-07","39","Yes"
"POL-00548","Bireysel","Trafik","Acente","İç Anadolu","2025-11-16","2025-12-11","2025-12-10","2025-11","6700","6700","0","Paid On Time","0","Not Applicable","TRY","AG-13","45","Yes"
"POL-00549","Bireysel","Trafik","Çağrı Merkezi","İç Anadolu","2025-06-21","2025-07-12","2025-07-10","2025-06","6510","6510","0","Paid On Time","0","Not Applicable","TRY","AG-15","62","Yes"
"POL-00550","KOBİ","Konut","Dijital","Marmara","2025-12-15","2026-01-13","2026-01-12","2025-12","11930","11930","0","Paid On Time","0","Not Applicable","TRY","AG-09","38","Yes"
"POL-00551","Kurumsal","Kasko","Acente","Marmara","2025-01-13","2025-01-30","2025-01-25","2025-01","75930","75930","0","Paid On Time","0","Not Applicable","TRY","AG-06","58","Yes"
"POL-00552","Bireysel","Trafik","Acente","Marmara","2025-02-14","2025-03-07","2025-03-04","2025-02","6300","6300","0","Paid On Time","0","Not Applicable","TRY","AG-18","49","Yes"
"POL-00553","Bireysel","Kasko","Acente","Ege","2025-06-08","2025-07-06","2025-07-01","2025-06","13360","13360","0","Paid On Time","0","Not Applicable","TRY","AG-01","54","Yes"
"POL-00554","Bireysel","Kasko","Banka","Karadeniz","2025-09-11","2025-10-08","2025-10-08","2025-09","19820","19820","0","Paid On Time","0","Not Applicable","EUR","AG-15","51","Yes"
"POL-00555","KOBİ","Konut","Acente","İç Anadolu","2025-07-05","2025-08-04","2025-07-31","2025-07","6580","6580","0","Paid On Time","0","Not Applicable","TRY","AG-10","42","Yes"
"POL-00556","KOBİ","Sağlık","Dijital","İç Anadolu","2025-07-13","2025-08-10","2025-08-08","2025-07","51080","51080","0","Paid On Time","0","Not Applicable","TRY","AG-08","66","Yes"
"POL-00557","Bireysel","Kasko","Acente","Ege","2025-08-08","2025-08-22","","2025-08","20340","15400","4940","Overdue","92","90+ Days","TRY","AG-03","61","No"
"POL-00558","Bireysel","Trafik","Acente","Marmara","2025-04-05","2025-05-02","2025-05-01","2025-04","7360","7360","0","Paid On Time","0","Not Applicable","TRY","AG-05","68","Yes"
"POL-00559","KOBİ","Trafik","Çağrı Merkezi","Akdeniz","2025-08-03","2025-08-21","2025-08-21","2025-08","15530","15530","0","Paid On Time","0","Not Applicable","TRY","AG-10","43","Yes"
"POL-00560","Bireysel","Trafik","Çağrı Merkezi","Marmara","2025-03-20","2025-04-14","","2025-03","9320","4540","4780","Overdue","86","61-90 Days","TRY","AG-12","59","Yes"
"POL-00561","Bireysel","Kasko","Banka","Marmara","2025-01-11","2025-02-04","2025-03-02","2025-01","24460","24460","0","Paid Late","26","Not Applicable","TRY","AG-04","55","No"
"POL-00562","KOBİ","Trafik","Banka","Akdeniz","2025-07-07","2025-08-03","2025-08-02","2025-07","13010","13010","0","Paid On Time","0","Not Applicable","TRY","AG-11","63","Yes"
"POL-00563","KOBİ","Trafik","Çağrı Merkezi","Akdeniz","2025-05-22","2025-06-05","","2025-05","10950","0","10950","Overdue","105","90+ Days","TRY","AG-05","52","Yes"
"POL-00564","Kurumsal","Sağlık","Dijital","Ege","2025-06-07","2025-06-24","2025-06-21","2025-06","88910","88910","0","Paid On Time","0","Not Applicable","TRY","AG-10","72","Yes"
"POL-00565","Bireysel","Sağlık","Banka","Marmara","2025-11-01","2025-11-15","2025-12-06","2025-11","19710","19710","0","Paid Late","21","Not Applicable","TRY","AG-09","80","No"
"POL-00566","Bireysel","Seyahat","Banka","Akdeniz","2025-08-12","2025-08-30","2025-08-28","2025-08","2280","2280","0","Paid On Time","0","Not Applicable","TRY","AG-17","20","Yes"
"POL-00567","Bireysel","Konut","Banka","Marmara","2025-08-01","2025-08-24","2025-08-21","2025-08","6600","6600","0","Paid On Time","0","Not Applicable","TRY","AG-04","41","No"
"POL-00568","Bireysel","Trafik","Acente","Akdeniz","2025-10-07","2025-10-28","","2025-10","9550","5500","4050","Overdue","47","31-60 Days","TRY","AG-01","58","No"
"POL-00569","KOBİ","Kasko","Banka","Ege","2025-01-03","2025-01-21","","2025-01","32980","25070","7910","Overdue","30","1-30 Days","TRY","AG-01","43","No"
"POL-00570","Bireysel","Konut","Acente","İç Anadolu","2025-05-14","2025-06-04","","2025-05","6070","4740","1330","Overdue","71","61-90 Days","TRY","AG-04","38","Yes"
"POL-00571","Bireysel","Sağlık","Acente","Marmara","2025-12-08","2025-12-31","2025-12-27","2025-12","27630","27630","0","Paid On Time","0","Not Applicable","TRY","AG-07","67","Yes"
"POL-00572","Bireysel","Kasko","Acente","Marmara","2025-12-04","2026-01-02","2026-01-09","2025-12","14530","14530","0","Paid Late","7","Not Applicable","TRY","AG-01","67","Yes"
"POL-00573","Bireysel","Trafik","Dijital","Karadeniz","2025-08-19","2025-09-18","2025-09-13","2025-08","9940","9940","0","Paid On Time","0","Not Applicable","TRY","AG-01","50","Yes"
"POL-00574","KOBİ","Trafik","Çağrı Merkezi","Akdeniz","2025-07-19","2025-08-02","2025-07-31","2025-07","12150","12150","0","Paid On Time","0","Not Applicable","TRY","AG-11","61","No"
"POL-00575","Bireysel","Sağlık","Acente","Akdeniz","2025-01-10","2025-01-25","2025-02-22","2025-01","32830","32830","0","Paid Late","28","Not Applicable","TRY","AG-11","71","No"
"POL-00576","Bireysel","Konut","Acente","Marmara","2025-06-20","2025-07-19","2025-07-14","2025-06","3810","3810","0","Paid On Time","0","Not Applicable","TRY","AG-14","53","No"
"POL-00577","Bireysel","Seyahat","Acente","Marmara","2025-05-16","2025-06-02","","2025-05","1990","0","1990","Overdue","115","90+ Days","TRY","AG-18","36","No"
"POL-00578","KOBİ","Sağlık","Banka","İç Anadolu","2025-09-07","2025-09-23","2025-09-20","2025-09","49990","49990","0","Paid On Time","0","Not Applicable","TRY","AG-01","48","Yes"
"POL-00579","KOBİ","Sağlık","Acente","İç Anadolu","2025-09-22","2025-10-22","2025-10-22","2025-09","37330","37330","0","Paid On Time","0","Not Applicable","USD","AG-07","47","Yes"
"POL-00580","Bireysel","Sağlık","Dijital","Marmara","2025-07-16","2025-08-07","2025-08-25","2025-07","31330","31330","0","Paid Late","18","Not Applicable","USD","AG-06","66","Yes"
"POL-00581","Bireysel","Sağlık","Banka","Marmara","2025-07-02","2025-07-30","2025-07-25","2025-07","20260","20260","0","Paid On Time","0","Not Applicable","TRY","AG-05","59","Yes"
"POL-00582","Bireysel","Kasko","Acente","İç Anadolu","2025-07-12","2025-08-06","2025-08-13","2025-07","21130","21130","0","Paid Late","7","Not Applicable","TRY","AG-07","68","Yes"
"POL-00583","Bireysel","Sağlık","Banka","İç Anadolu","2025-04-04","2025-04-18","2025-04-16","2025-04","20110","20110","0","Paid On Time","0","Not Applicable","USD","AG-07","75","Yes"
"POL-00584","Bireysel","Trafik","Acente","Karadeniz","2025-04-06","2025-04-23","","2025-04","9290","0","9290","Overdue","26","1-30 Days","TRY","AG-15","58","Yes"
"POL-00585","Bireysel","Sağlık","Banka","İç Anadolu","2025-01-17","2025-02-13","","2025-01","21680","0","21680","Overdue","57","31-60 Days","TRY","AG-02","51","No"
"POL-00586","Kurumsal","Sağlık","Banka","Marmara","2025-11-01","2025-11-26","2025-11-27","2025-11","86490","86490","0","Paid Late","1","Not Applicable","USD","AG-11","71","Yes"
"POL-00587","Kurumsal","Konut","Çağrı Merkezi","Marmara","2025-04-19","2025-05-15","2025-05-13","2025-04","16030","16030","0","Paid On Time","0","Not Applicable","TRY","AG-02","25","No"
"POL-00588","Bireysel","Konut","Dijital","Ege","2025-12-08","2025-12-23","2025-12-23","2025-12","3590","3590","0","Paid On Time","0","Not Applicable","EUR","AG-17","45","Yes"
"POL-00589","Bireysel","Trafik","Dijital","Karadeniz","2025-07-05","2025-07-31","2025-07-27","2025-07","8380","8380","0","Paid On Time","0","Not Applicable","EUR","AG-13","52","Yes"
"POL-00590","Kurumsal","Sağlık","Acente","Ege","2025-12-12","2026-01-06","2026-01-05","2025-12","106040","106040","0","Paid On Time","0","Not Applicable","TRY","AG-11","41","Yes"
"POL-00591","Bireysel","Sağlık","Acente","Ege","2025-02-14","2025-02-28","2025-03-13","2025-02","26870","26870","0","Paid Late","13","Not Applicable","TRY","AG-02","74","Yes"
"POL-00592","Bireysel","Konut","Dijital","Karadeniz","2025-07-21","2025-08-20","2025-08-15","2025-07","4200","4200","0","Paid On Time","0","Not Applicable","TRY","AG-04","36","Yes"
"POL-00593","Bireysel","Kasko","Dijital","Marmara","2025-12-14","2026-01-05","2026-01-05","2025-12","18030","18030","0","Paid On Time","0","Not Applicable","TRY","AG-11","59","Yes"
"POL-00594","KOBİ","Trafik","Dijital","Akdeniz","2025-06-09","2025-06-30","2025-06-25","2025-06","12380","12380","0","Paid On Time","0","Not Applicable","TRY","AG-06","61","Yes"
"POL-00595","Bireysel","Seyahat","Dijital","Marmara","2025-05-22","2025-06-09","2025-06-04","2025-05","2290","2290","0","Paid On Time","0","Not Applicable","TRY","AG-01","28","No"
"POL-00596","Bireysel","Kasko","Acente","İç Anadolu","2025-02-14","2025-02-28","2025-02-24","2025-02","23110","23110","0","Paid On Time","0","Not Applicable","USD","AG-18","45","No"
"POL-00597","Bireysel","Seyahat","Banka","Akdeniz","2025-06-22","2025-07-19","2025-07-19","2025-06","2420","2420","0","Paid On Time","0","Not Applicable","TRY","AG-11","36","No"
"POL-00598","Bireysel","Kasko","Çağrı Merkezi","Ege","2025-09-23","2025-10-12","2025-10-09","2025-09","16370","16370","0","Paid On Time","0","Not Applicable","USD","AG-16","60","Yes"
"POL-00599","KOBİ","Kasko","Banka","İç Anadolu","2025-09-08","2025-10-06","","2025-09","39650","25530","14120","Overdue","7","1-30 Days","TRY","AG-16","56","Yes"
"POL-00600","Kurumsal","Trafik","Acente","İç Anadolu","2025-03-07","2025-03-28","2025-04-06","2025-03","28390","28390","0","Paid Late","9","Not Applicable","TRY","AG-18","61","Yes"
"POL-00601","Bireysel","Sağlık","Acente","Ege","2025-08-11","2025-08-25","2025-08-20","2025-08","20100","20100","0","Paid On Time","0","Not Applicable","TRY","AG-08","64","Yes"
"POL-00602","Bireysel","Konut","Acente","Marmara","2025-01-19","2025-02-15","2025-02-12","2025-01","4590","4590","0","Paid On Time","0","Not Applicable","TRY","AG-13","23","Yes"
"POL-00603","KOBİ","Sağlık","Acente","İç Anadolu","2025-04-13","2025-05-03","2025-05-29","2025-04","60550","60550","0","Paid Late","26","Not Applicable","TRY","AG-05","76","No"
"POL-00604","Bireysel","Seyahat","Çağrı Merkezi","Akdeniz","2025-10-05","2025-10-24","2025-10-19","2025-10","2300","2300","0","Paid On Time","0","Not Applicable","TRY","AG-07","45","Yes"
"POL-00605","Bireysel","Trafik","Çağrı Merkezi","Marmara","2025-12-22","2026-01-06","2026-01-05","2025-12","7060","7060","0","Paid On Time","0","Not Applicable","TRY","AG-10","68","Yes"
"POL-00606","Bireysel","Trafik","Çağrı Merkezi","İç Anadolu","2025-06-10","2025-07-02","2025-07-01","2025-06","8940","8940","0","Paid On Time","0","Not Applicable","TRY","AG-07","63","Yes"
"POL-00607","KOBİ","Kasko","Banka","Karadeniz","2025-01-10","2025-02-09","","2025-01","33560","0","33560","Overdue","8","1-30 Days","TRY","AG-05","63","No"
"POL-00608","Bireysel","Trafik","Acente","Akdeniz","2025-05-12","2025-06-01","2025-06-01","2025-05","6690","6690","0","Paid On Time","0","Not Applicable","TRY","AG-01","61","Yes"
"POL-00609","KOBİ","Trafik","Acente","Marmara","2025-12-17","2026-01-13","2026-01-12","2025-12","15830","15830","0","Paid On Time","0","Not Applicable","TRY","AG-10","66","No"
"POL-00610","Kurumsal","Trafik","Acente","Marmara","2025-11-20","2025-12-14","2025-12-10","2025-11","24510","24510","0","Paid On Time","0","Not Applicable","TRY","AG-08","51","Yes"
"POL-00611","Bireysel","Seyahat","Acente","İç Anadolu","2025-12-08","2025-12-31","2025-12-31","2025-12","1570","1570","0","Paid On Time","0","Not Applicable","TRY","AG-17","44","Yes"
"POL-00612","Kurumsal","Trafik","Acente","İç Anadolu","2025-01-23","2025-02-16","2025-02-14","2025-01","32310","32310","0","Paid On Time","0","Not Applicable","TRY","AG-15","59","No"
"POL-00613","Kurumsal","Sağlık","Banka","Marmara","2025-11-01","2025-11-29","","2025-11","115760","73360","42400","Overdue","114","90+ Days","TRY","AG-17","60","Yes"
"POL-00614","KOBİ","Trafik","Acente","Marmara","2025-07-15","2025-08-08","2025-08-28","2025-07","16850","16850","0","Paid Late","20","Not Applicable","TRY","AG-10","52","Yes"
"POL-00615","Bireysel","Trafik","Çağrı Merkezi","Marmara","2025-01-14","2025-02-09","","2025-01","10110","0","10110","Overdue","24","1-30 Days","EUR","AG-10","68","Yes"
"POL-00616","Bireysel","Sağlık","Banka","Ege","2025-08-09","2025-09-08","2025-10-06","2025-08","28870","28870","0","Paid Late","28","Not Applicable","TRY","AG-08","71","Yes"
"POL-00617","Bireysel","Sağlık","Acente","Ege","2025-01-16","2025-01-31","2025-01-31","2025-01","24550","24550","0","Paid On Time","0","Not Applicable","TRY","AG-05","50","Yes"
"POL-00618","Bireysel","Kasko","Banka","Marmara","2025-06-13","2025-07-12","2025-07-31","2025-06","17950","17950","0","Paid Late","19","Not Applicable","TRY","AG-06","61","Yes"
"POL-00619","KOBİ","Trafik","Dijital","Marmara","2025-03-03","2025-03-20","2025-04-16","2025-03","9480","9480","0","Paid Late","27","Not Applicable","USD","AG-17","51","No"
"POL-00620","Bireysel","Kasko","Banka","Marmara","2025-09-12","2025-09-29","2025-09-29","2025-09","17950","17950","0","Paid On Time","0","Not Applicable","TRY","AG-16","70","Yes"
"POL-00621","Kurumsal","Kasko","Banka","Marmara","2025-05-20","2025-06-04","","2025-05","82480","46420","36060","Overdue","38","31-60 Days","TRY","AG-09","56","Yes"
"POL-00622","Bireysel","Seyahat","Acente","Akdeniz","2025-07-18","2025-08-03","","2025-07","2540","0","2540","Overdue","83","61-90 Days","TRY","AG-03","27","No"
"POL-00623","KOBİ","Trafik","Acente","Akdeniz","2025-11-17","2025-12-14","2025-12-09","2025-11","15510","15510","0","Paid On Time","0","Not Applicable","USD","AG-08","70","Yes"
"POL-00624","Bireysel","Kasko","Acente","Marmara","2025-08-09","2025-09-07","","2025-08","22320","0","22320","Overdue","24","1-30 Days","TRY","AG-18","66","No"
"POL-00625","Bireysel","Trafik","Acente","Marmara","2025-07-16","2025-07-30","2025-07-29","2025-07","7150","7150","0","Paid On Time","0","Not Applicable","TRY","AG-07","68","Yes"
"POL-00626","Bireysel","Trafik","Çağrı Merkezi","Akdeniz","2025-10-14","2025-11-03","2025-10-29","2025-10","6960","6960","0","Paid On Time","0","Not Applicable","TRY","AG-03","45","Yes"
"POL-00627","KOBİ","Kasko","Acente","Ege","2025-05-23","2025-06-14","2025-06-12","2025-05","30440","30440","0","Paid On Time","0","Not Applicable","TRY","AG-15","74","Yes"
"POL-00628","Bireysel","Trafik","Acente","Akdeniz","2025-03-20","2025-04-09","","2025-03","5940","0","5940","Overdue","29","1-30 Days","TRY","AG-17","65","No"
"POL-00629","Bireysel","Kasko","Çağrı Merkezi","Marmara","2025-07-09","2025-08-01","2025-08-26","2025-07","22180","22180","0","Paid Late","25","Not Applicable","TRY","AG-02","42","Yes"
"POL-00630","Bireysel","Kasko","Dijital","Marmara","2025-06-13","2025-06-30","2025-07-08","2025-06","15770","15770","0","Paid Late","8","Not Applicable","USD","AG-08","72","Yes"
"POL-00631","KOBİ","Kasko","Acente","Ege","2025-04-22","2025-05-06","2025-05-03","2025-04","37440","37440","0","Paid On Time","0","Not Applicable","TRY","AG-08","64","Yes"
"POL-00632","Kurumsal","Konut","Dijital","İç Anadolu","2025-01-15","2025-02-11","2025-02-11","2025-01","20970","20970","0","Paid On Time","0","Not Applicable","EUR","AG-05","38","Yes"
"POL-00633","Bireysel","Konut","Acente","İç Anadolu","2025-03-22","2025-04-14","","2025-03","5760","0","5760","Overdue","68","61-90 Days","TRY","AG-02","48","No"
"POL-00634","Bireysel","Kasko","Acente","Marmara","2025-07-19","2025-08-13","2025-08-23","2025-07","13310","13310","0","Paid Late","10","Not Applicable","TRY","AG-06","72","No"
"POL-00635","Bireysel","Trafik","Çağrı Merkezi","Marmara","2025-05-06","2025-06-03","2025-05-29","2025-05","9930","9930","0","Paid On Time","0","Not Applicable","TRY","AG-05","66","Yes"
"POL-00636","Bireysel","Trafik","Acente","Karadeniz","2025-01-18","2025-02-01","2025-02-22","2025-01","5690","5690","0","Paid Late","21","Not Applicable","TRY","AG-03","58","No"
"POL-00637","Kurumsal","Kasko","Banka","Akdeniz","2025-03-22","2025-04-12","2025-04-29","2025-03","81370","81370","0","Paid Late","17","Not Applicable","TRY","AG-10","50","Yes"
"POL-00638","Bireysel","Sağlık","Dijital","Karadeniz","2025-06-19","2025-07-05","2025-07-04","2025-06","29980","29980","0","Paid On Time","0","Not Applicable","TRY","AG-03","48","Yes"
"POL-00639","KOBİ","Kasko","Acente","İç Anadolu","2025-06-06","2025-07-03","2025-06-29","2025-06","30580","30580","0","Paid On Time","0","Not Applicable","TRY","AG-04","46","Yes"
"POL-00640","KOBİ","Trafik","Acente","Marmara","2025-08-10","2025-08-31","2025-08-27","2025-08","15060","15060","0","Paid On Time","0","Not Applicable","TRY","AG-08","47","Yes"
"POL-00641","Bireysel","Seyahat","Banka","İç Anadolu","2025-03-21","2025-04-07","","2025-03","1790","0","1790","Cancelled","0","Not Applicable","TRY","AG-03","33","No"
"POL-00642","Bireysel","Trafik","Dijital","Marmara","2025-04-09","2025-05-03","","2025-04","6640","0","6640","Overdue","79","61-90 Days","TRY","AG-13","44","No"
"POL-00643","Bireysel","Trafik","Acente","İç Anadolu","2025-03-12","2025-03-26","2025-04-10","2025-03","9730","9730","0","Paid Late","15","Not Applicable","TRY","AG-09","56","No"
"POL-00644","Kurumsal","Kasko","Dijital","Marmara","2025-04-19","2025-05-11","2025-05-06","2025-04","89030","89030","0","Paid On Time","0","Not Applicable","TRY","AG-14","54","Yes"
"POL-00645","Bireysel","Kasko","Banka","Karadeniz","2025-07-13","2025-08-07","2025-08-04","2025-07","23660","23660","0","Paid On Time","0","Not Applicable","TRY","AG-06","70","Yes"
"POL-00646","Bireysel","Konut","Banka","Karadeniz","2025-07-18","2025-08-08","2025-08-08","2025-07","4250","4250","0","Paid On Time","0","Not Applicable","TRY","AG-09","35","Yes"
"POL-00647","Bireysel","Sağlık","Acente","Marmara","2025-07-06","2025-07-31","2025-07-27","2025-07","22920","22920","0","Paid On Time","0","Not Applicable","TRY","AG-13","71","Yes"
"POL-00648","Bireysel","Kasko","Acente","Karadeniz","2025-05-18","2025-06-04","2025-05-30","2025-05","15530","15530","0","Paid On Time","0","Not Applicable","TRY","AG-07","43","Yes"
"POL-00649","KOBİ","Konut","Dijital","Akdeniz","2025-11-13","2025-12-09","2025-12-05","2025-11","12110","12110","0","Paid On Time","0","Not Applicable","TRY","AG-10","44","No"
"POL-00650","Bireysel","Seyahat","Banka","Akdeniz","2025-10-02","2025-10-28","2025-10-23","2025-10","1910","1910","0","Paid On Time","0","Not Applicable","TRY","AG-10","42","Yes"
"POL-00651","Kurumsal","Sağlık","Dijital","Akdeniz","2025-12-20","2026-01-10","2026-01-07","2025-12","92450","92450","0","Paid On Time","0","Not Applicable","TRY","AG-10","67","Yes"
"POL-00652","KOBİ","Seyahat","Dijital","Akdeniz","2025-03-18","2025-04-08","2025-04-06","2025-03","3000","3000","0","Paid On Time","0","Not Applicable","TRY","AG-10","46","Yes"
"POL-00653","Bireysel","Kasko","Çağrı Merkezi","Marmara","2025-09-14","2025-10-05","2025-09-30","2025-09","19640","19640","0","Paid On Time","0","Not Applicable","TRY","AG-12","67","Yes"
"POL-00654","Bireysel","Trafik","Banka","İç Anadolu","2025-10-06","2025-10-23","2025-10-23","2025-10","5900","5900","0","Paid On Time","0","Not Applicable","TRY","AG-07","62","No"
"POL-00655","Bireysel","Trafik","Acente","Akdeniz","2025-11-10","2025-12-08","2025-12-07","2025-11","7200","7200","0","Paid On Time","0","Not Applicable","TRY","AG-14","63","Yes"
"POL-00656","Bireysel","Trafik","Dijital","Ege","2025-05-02","2025-05-23","2025-05-20","2025-05","9230","9230","0","Paid On Time","0","Not Applicable","USD","AG-15","58","Yes"
"POL-00657","Bireysel","Sağlık","Dijital","İç Anadolu","2025-07-15","2025-07-29","","2025-07","18870","0","18870","Cancelled","0","Not Applicable","TRY","AG-14","52","No"
"POL-00658","Bireysel","Trafik","Acente","Marmara","2025-04-16","2025-05-11","2025-05-08","2025-04","8800","8800","0","Paid On Time","0","Not Applicable","TRY","AG-17","39","Yes"
"POL-00659","Bireysel","Konut","Acente","Marmara","2025-03-06","2025-04-02","","2025-03","4980","0","4980","Overdue","38","31-60 Days","TRY","AG-18","33","Yes"
"POL-00660","KOBİ","Kasko","Dijital","Ege","2025-02-07","2025-03-09","2025-03-05","2025-02","44210","44210","0","Paid On Time","0","Not Applicable","TRY","AG-16","60","Yes"
"POL-00661","Bireysel","Trafik","Dijital","İç Anadolu","2025-08-24","2025-09-07","","2025-08","5600","0","5600","Overdue","81","61-90 Days","TRY","AG-09","69","No"
"POL-00662","Kurumsal","Sağlık","Acente","Marmara","2025-08-20","2025-09-13","2025-09-11","2025-08","108590","108590","0","Paid On Time","0","Not Applicable","TRY","AG-09","67","No"
"POL-00663","Bireysel","Trafik","Dijital","Ege","2025-10-23","2025-11-21","2025-11-17","2025-10","7200","7200","0","Paid On Time","0","Not Applicable","TRY","AG-05","70","Yes"
"POL-00664","Bireysel","Sağlık","Acente","Marmara","2025-11-05","2025-11-28","2025-11-24","2025-11","18020","18020","0","Paid On Time","0","Not Applicable","TRY","AG-13","80","Yes"
"POL-00665","Bireysel","Kasko","Acente","Ege","2025-07-04","2025-07-25","2025-07-24","2025-07","22860","22860","0","Paid On Time","0","Not Applicable","TRY","AG-13","58","No"
"POL-00666","Bireysel","Kasko","Acente","Ege","2025-06-03","2025-06-20","2025-06-29","2025-06","19480","19480","0","Paid Late","9","Not Applicable","USD","AG-11","59","No"
"POL-00667","Kurumsal","Kasko","Banka","Marmara","2025-09-08","2025-10-08","2025-10-05","2025-09","50490","50490","0","Paid On Time","0","Not Applicable","TRY","AG-16","45","Yes"
"POL-00668","Bireysel","Konut","Dijital","Marmara","2025-07-02","2025-07-26","2025-07-24","2025-07","3470","3470","0","Paid On Time","0","Not Applicable","TRY","AG-08","27","Yes"
"POL-00669","KOBİ","Trafik","Acente","Ege","2025-12-18","2026-01-10","","2025-12","15470","0","15470","Cancelled","0","Not Applicable","TRY","AG-11","43","No"
"POL-00670","Bireysel","Kasko","Banka","Marmara","2025-12-13","2026-01-11","2026-01-06","2025-12","13470","13470","0","Paid On Time","0","Not Applicable","TRY","AG-14","45","Yes"
"POL-00671","KOBİ","Trafik","Acente","İç Anadolu","2025-02-07","2025-02-28","2025-02-28","2025-02","15690","15690","0","Paid On Time","0","Not Applicable","TRY","AG-11","60","Yes"
"POL-00672","KOBİ","Seyahat","Çağrı Merkezi","Marmara","2025-01-11","2025-02-10","2025-02-09","2025-01","4230","4230","0","Paid On Time","0","Not Applicable","TRY","AG-10","34","Yes"
"POL-00673","Bireysel","Kasko","Dijital","Ege","2025-02-16","2025-03-14","2025-03-10","2025-02","14500","14500","0","Paid On Time","0","Not Applicable","TRY","AG-13","65","Yes"
"POL-00674","KOBİ","Kasko","Acente","Marmara","2025-07-05","2025-07-30","2025-07-30","2025-07","35940","35940","0","Paid On Time","0","Not Applicable","TRY","AG-06","61","No"
"POL-00675","KOBİ","Kasko","Acente","Ege","2025-04-19","2025-05-19","2025-05-15","2025-04","42410","42410","0","Paid On Time","0","Not Applicable","TRY","AG-09","63","Yes"
"POL-00676","KOBİ","Sağlık","Acente","Marmara","2025-12-21","2026-01-15","2026-01-31","2025-12","38660","38660","0","Paid Late","16","Not Applicable","TRY","AG-09","53","Yes"
"POL-00677","Bireysel","Kasko","Acente","İç Anadolu","2025-01-20","2025-02-06","2025-02-01","2025-01","13760","13760","0","Paid On Time","0","Not Applicable","EUR","AG-08","64","No"
"POL-00678","KOBİ","Trafik","Çağrı Merkezi","Ege","2025-03-03","2025-04-01","2025-04-01","2025-03","10180","10180","0","Paid On Time","0","Not Applicable","TRY","AG-10","65","Yes"
"POL-00679","Bireysel","Kasko","Acente","Karadeniz","2025-02-15","2025-03-15","2025-03-12","2025-02","15100","15100","0","Paid On Time","0","Not Applicable","TRY","AG-18","49","Yes"
"POL-00680","Bireysel","Trafik","Acente","Marmara","2025-05-12","2025-06-06","2025-06-06","2025-05","6850","6850","0","Paid On Time","0","Not Applicable","TRY","AG-09","57","Yes"
"POL-00681","Bireysel","Kasko","Dijital","Marmara","2025-07-24","2025-08-16","2025-08-14","2025-07","17820","17820","0","Paid On Time","0","Not Applicable","TRY","AG-05","53","Yes"
"POL-00682","Bireysel","Konut","Acente","Karadeniz","2025-04-04","2025-05-01","2025-05-01","2025-04","5490","5490","0","Paid On Time","0","Not Applicable","TRY","AG-07","21","Yes"
"POL-00683","KOBİ","Sağlık","Acente","Akdeniz","2025-12-04","2025-12-20","2025-12-27","2025-12","37280","37280","0","Paid Late","7","Not Applicable","TRY","AG-11","73","Yes"
"POL-00684","Bireysel","Trafik","Dijital","Ege","2025-03-11","2025-04-02","2025-04-02","2025-03","5220","5220","0","Paid On Time","0","Not Applicable","TRY","AG-06","67","Yes"
"POL-00685","Bireysel","Trafik","Acente","Marmara","2025-07-13","2025-07-27","2025-07-26","2025-07","9290","9290","0","Paid On Time","0","Not Applicable","TRY","AG-16","40","Yes"
"POL-00686","Bireysel","Trafik","Acente","Karadeniz","2025-06-01","2025-06-21","2025-07-05","2025-06","8050","8050","0","Paid Late","14","Not Applicable","TRY","AG-15","44","No"
"POL-00687","Bireysel","Konut","Acente","Ege","2025-04-19","2025-05-10","2025-05-17","2025-04","3530","3530","0","Paid Late","7","Not Applicable","TRY","AG-10","50","Yes"
"POL-00688","KOBİ","Sağlık","Dijital","Ege","2025-11-04","2025-11-24","2025-11-20","2025-11","41360","41360","0","Paid On Time","0","Not Applicable","TRY","AG-13","50","No"
"POL-00689","Bireysel","Trafik","Banka","Marmara","2025-10-21","2025-11-05","2025-11-04","2025-10","7040","7040","0","Paid On Time","0","Not Applicable","TRY","AG-12","71","Yes"
"POL-00690","Bireysel","Kasko","Banka","Marmara","2025-03-24","2025-04-11","2025-04-10","2025-03","17860","17860","0","Paid On Time","0","Not Applicable","TRY","AG-05","71","No"
"POL-00691","KOBİ","Kasko","Dijital","İç Anadolu","2025-07-09","2025-08-04","2025-07-30","2025-07","34370","34370","0","Paid On Time","0","Not Applicable","TRY","AG-09","42","Yes"
"POL-00692","KOBİ","Sağlık","Dijital","İç Anadolu","2025-12-02","2025-12-18","2025-12-15","2025-12","41750","41750","0","Paid On Time","0","Not Applicable","TRY","AG-03","73","Yes"
"POL-00693","Bireysel","Seyahat","Acente","Marmara","2025-12-16","2025-12-30","2025-12-25","2025-12","2520","2520","0","Paid On Time","0","Not Applicable","TRY","AG-18","50","Yes"
"POL-00694","KOBİ","Kasko","Dijital","Akdeniz","2025-05-02","2025-05-27","2025-06-01","2025-05","31700","31700","0","Paid Late","5","Not Applicable","TRY","AG-10","63","Yes"
"POL-00695","Bireysel","Kasko","Acente","Marmara","2025-06-02","2025-06-21","2025-06-17","2025-06","19920","19920","0","Paid On Time","0","Not Applicable","TRY","AG-07","67","Yes"
"POL-00696","Bireysel","Konut","Acente","İç Anadolu","2025-07-06","2025-07-27","2025-07-24","2025-07","5260","5260","0","Paid On Time","0","Not Applicable","USD","AG-13","29","Yes"
"POL-00697","Bireysel","Trafik","Acente","Akdeniz","2025-04-17","2025-05-11","2025-05-09","2025-04","7750","7750","0","Paid On Time","0","Not Applicable","TRY","AG-02","64","Yes"
"POL-00698","Bireysel","Seyahat","Acente","Marmara","2025-09-07","2025-10-01","2025-09-29","2025-09","1680","1680","0","Paid On Time","0","Not Applicable","TRY","AG-15","22","Yes"
"POL-00699","Bireysel","Kasko","Dijital","Marmara","2025-01-08","2025-02-02","2025-01-30","2025-01","20670","20670","0","Paid On Time","0","Not Applicable","TRY","AG-14","70","Yes"
"POL-00700","KOBİ","Trafik","Acente","Ege","2025-08-17","2025-09-13","2025-09-09","2025-08","17630","17630","0","Paid On Time","0","Not Applicable","TRY","AG-05","65","Yes"
"POL-00701","Bireysel","Sağlık","Acente","Ege","2025-02-16","2025-03-15","2025-03-15","2025-02","26040","26040","0","Paid On Time","0","Not Applicable","TRY","AG-08","65","Yes"
"POL-00702","KOBİ","Kasko","Banka","Karadeniz","2025-03-18","2025-04-17","2025-04-16","2025-03","28680","28680","0","Paid On Time","0","Not Applicable","TRY","AG-01","67","Yes"
"POL-00703","Kurumsal","Trafik","Dijital","Karadeniz","2025-02-09","2025-02-27","2025-02-23","2025-02","34390","34390","0","Paid On Time","0","Not Applicable","TRY","AG-07","60","Yes"
"POL-00704","Kurumsal","Trafik","Çağrı Merkezi","Ege","2025-06-09","2025-07-02","2025-06-29","2025-06","29610","29610","0","Paid On Time","0","Not Applicable","TRY","AG-07","62","Yes"
"POL-00705","Bireysel","Seyahat","Acente","Marmara","2025-11-11","2025-11-27","2025-11-25","2025-11","2490","2490","0","Paid On Time","0","Not Applicable","TRY","AG-14","30","No"
"POL-00706","Bireysel","Sağlık","Acente","Marmara","2025-12-07","2025-12-28","2025-12-27","2025-12","30450","30450","0","Paid On Time","0","Not Applicable","TRY","AG-15","70","Yes"
"POL-00707","KOBİ","Sağlık","Çağrı Merkezi","Karadeniz","2025-05-15","2025-06-10","2025-06-05","2025-05","33560","33560","0","Paid On Time","0","Not Applicable","TRY","AG-17","52","No"
"POL-00708","KOBİ","Kasko","Dijital","Marmara","2025-10-08","2025-10-28","2025-11-26","2025-10","28850","28850","0","Paid Late","29","Not Applicable","TRY","AG-15","68","Yes"
"POL-00709","KOBİ","Trafik","Banka","Marmara","2025-01-23","2025-02-06","2025-02-01","2025-01","17530","17530","0","Paid On Time","0","Not Applicable","TRY","AG-08","64","Yes"
"POL-00710","Bireysel","Kasko","Acente","Marmara","2025-11-03","2025-11-20","2025-11-17","2025-11","21590","21590","0","Paid On Time","0","Not Applicable","TRY","AG-08","59","No"
"POL-00711","Bireysel","Kasko","Acente","Marmara","2025-03-04","2025-03-31","2025-03-31","2025-03","20300","20300","0","Paid On Time","0","Not Applicable","TRY","AG-07","48","No"
"POL-00712","Bireysel","Trafik","Acente","Akdeniz","2025-08-07","2025-08-27","","2025-08","8610","0","8610","Overdue","37","31-60 Days","TRY","AG-15","42","No"
"POL-00713","Bireysel","Trafik","Acente","İç Anadolu","2025-09-08","2025-10-02","2025-09-30","2025-09","8180","8180","0","Paid On Time","0","Not Applicable","TRY","AG-07","38","Yes"
"POL-00714","Bireysel","Kasko","Acente","İç Anadolu","2025-05-22","2025-06-07","","2025-05","17020","0","17020","Overdue","55","31-60 Days","USD","AG-09","57","Yes"
"POL-00715","Bireysel","Seyahat","Dijital","Ege","2025-08-01","2025-08-15","2025-08-15","2025-08","2190","2190","0","Paid On Time","0","Not Applicable","TRY","AG-17","48","Yes"
"POL-00716","Bireysel","Kasko","Acente","İç Anadolu","2025-05-16","2025-06-02","2025-05-31","2025-05","17930","17930","0","Paid On Time","0","Not Applicable","TRY","AG-07","60","Yes"
"POL-00717","Bireysel","Konut","Dijital","Akdeniz","2025-03-03","2025-03-31","2025-03-30","2025-03","6740","6740","0","Paid On Time","0","Not Applicable","TRY","AG-15","28","Yes"
"POL-00718","Bireysel","Kasko","Acente","Ege","2025-02-12","2025-03-06","2025-03-03","2025-02","17910","17910","0","Paid On Time","0","Not Applicable","TRY","AG-03","43","Yes"
"POL-00719","Kurumsal","Sağlık","Acente","Marmara","2025-11-24","2025-12-11","2025-12-08","2025-11","67830","67830","0","Paid On Time","0","Not Applicable","TRY","AG-09","47","Yes"
"POL-00720","KOBİ","Kasko","Acente","İç Anadolu","2025-08-04","2025-08-29","2025-08-24","2025-08","42460","42460","0","Paid On Time","0","Not Applicable","TRY","AG-11","50","Yes"
"POL-00721","Kurumsal","Trafik","Çağrı Merkezi","İç Anadolu","2025-04-20","2025-05-20","2025-05-15","2025-04","30490","30490","0","Paid On Time","0","Not Applicable","TRY","AG-10","42","Yes"
"POL-00722","Bireysel","Seyahat","Dijital","Marmara","2025-10-10","2025-11-01","2025-10-27","2025-10","2590","2590","0","Paid On Time","0","Not Applicable","TRY","AG-13","43","Yes"
"POL-00723","Bireysel","Trafik","Acente","Ege","2025-11-07","2025-12-04","2025-12-03","2025-11","9300","9300","0","Paid On Time","0","Not Applicable","TRY","AG-01","46","Yes"
"POL-00724","Bireysel","Trafik","Banka","Marmara","2025-10-17","2025-11-03","2025-11-01","2025-10","7590","7590","0","Paid On Time","0","Not Applicable","EUR","AG-04","50","No"
"POL-00725","Kurumsal","Kasko","Banka","Akdeniz","2025-08-24","2025-09-11","","2025-08","64450","0","64450","Overdue","45","31-60 Days","TRY","AG-14","45","Yes"
"POL-00726","KOBİ","Sağlık","Banka","İç Anadolu","2025-11-17","2025-12-08","","2025-11","41580","0","41580","Cancelled","0","Not Applicable","TRY","AG-11","76","No"
"POL-00727","Bireysel","Sağlık","Acente","Marmara","2025-02-24","2025-03-24","2025-03-23","2025-02","32600","32600","0","Paid On Time","0","Not Applicable","TRY","AG-05","68","Yes"
"POL-00728","Bireysel","Konut","Dijital","Akdeniz","2025-12-13","2026-01-05","2026-01-03","2025-12","4630","4630","0","Paid On Time","0","Not Applicable","TRY","AG-12","52","Yes"
"POL-00729","Bireysel","Trafik","Dijital","Ege","2025-11-02","2025-11-30","2025-11-30","2025-11","8550","8550","0","Paid On Time","0","Not Applicable","TRY","AG-05","47","Yes"
"POL-00730","Bireysel","Kasko","Acente","İç Anadolu","2025-08-15","2025-09-11","2025-09-12","2025-08","23020","23020","0","Paid Late","1","Not Applicable","TRY","AG-03","63","Yes"
"POL-00731","Bireysel","Kasko","Acente","İç Anadolu","2025-09-08","2025-10-07","2025-10-04","2025-09","16980","16980","0","Paid On Time","0","Not Applicable","TRY","AG-07","74","No"
"POL-00732","KOBİ","Kasko","Dijital","Ege","2025-01-17","2025-02-14","2025-02-12","2025-01","33330","33330","0","Paid On Time","0","Not Applicable","TRY","AG-15","61","Yes"
"POL-00733","Bireysel","Trafik","Çağrı Merkezi","Marmara","2025-04-20","2025-05-06","","2025-04","6450","0","6450","Cancelled","0","Not Applicable","TRY","AG-07","49","No"
"POL-00734","Bireysel","Trafik","Dijital","İç Anadolu","2025-05-09","2025-06-06","2025-07-05","2025-05","7560","7560","0","Paid Late","29","Not Applicable","TRY","AG-17","69","No"
"POL-00735","Bireysel","Trafik","Dijital","Marmara","2025-05-15","2025-06-03","2025-06-19","2025-05","8410","8410","0","Paid Late","16","Not Applicable","TRY","AG-11","69","Yes"
"POL-00736","Bireysel","Trafik","Acente","Ege","2025-04-06","2025-04-28","2025-04-27","2025-04","8790","8790","0","Paid On Time","0","Not Applicable","TRY","AG-17","64","Yes"
"POL-00737","Bireysel","Kasko","Dijital","Akdeniz","2025-03-04","2025-03-25","2025-03-29","2025-03","20510","20510","0","Paid Late","4","Not Applicable","TRY","AG-14","65","Yes"
"POL-00738","Bireysel","Trafik","Acente","İç Anadolu","2025-09-08","2025-09-30","2025-09-25","2025-09","6530","6530","0","Paid On Time","0","Not Applicable","TRY","AG-18","65","No"
"POL-00739","KOBİ","Trafik","Acente","Marmara","2025-08-04","2025-08-29","2025-08-28","2025-08","16970","16970","0","Paid On Time","0","Not Applicable","TRY","AG-02","45","Yes"
"POL-00740","Bireysel","Kasko","Çağrı Merkezi","Marmara","2025-07-02","2025-07-17","2025-07-14","2025-07","19100","19100","0","Paid On Time","0","Not Applicable","TRY","AG-15","49","Yes"
"POL-00741","Bireysel","Konut","Çağrı Merkezi","İç Anadolu","2025-11-23","2025-12-13","2025-12-13","2025-11","6170","6170","0","Paid On Time","0","Not Applicable","TRY","AG-02","37","No"
"POL-00742","Bireysel","Sağlık","Dijital","İç Anadolu","2025-07-24","2025-08-19","2025-08-26","2025-07","34070","34070","0","Paid Late","7","Not Applicable","TRY","AG-11","77","Yes"
"POL-00743","Bireysel","Trafik","Dijital","Marmara","2025-01-20","2025-02-05","2025-02-04","2025-01","5930","5930","0","Paid On Time","0","Not Applicable","TRY","AG-06","68","Yes"
"POL-00744","Bireysel","Trafik","Banka","Akdeniz","2025-11-22","2025-12-08","2025-12-05","2025-11","5250","5250","0","Paid On Time","0","Not Applicable","EUR","AG-02","48","Yes"
"POL-00745","Bireysel","Trafik","Acente","Marmara","2025-11-19","2025-12-18","2025-12-30","2025-11","7080","7080","0","Paid Late","12","Not Applicable","TRY","AG-09","68","No"
"POL-00746","Bireysel","Kasko","Acente","Akdeniz","2025-07-09","2025-08-01","","2025-07","22280","0","22280","Overdue","72","61-90 Days","TRY","AG-16","63","Yes"
"POL-00747","Bireysel","Kasko","Acente","Karadeniz","2025-10-22","2025-11-15","2025-11-12","2025-10","18990","18990","0","Paid On Time","0","Not Applicable","TRY","AG-18","53","Yes"
"POL-00748","Kurumsal","Konut","Banka","Ege","2025-12-07","2025-12-26","2025-12-23","2025-12","18130","18130","0","Paid On Time","0","Not Applicable","TRY","AG-13","42","Yes"
"POL-00749","Bireysel","Sağlık","Dijital","Ege","2025-10-17","2025-11-02","","2025-10","17500","0","17500","Overdue","88","61-90 Days","TRY","AG-16","55","Yes"
"POL-00750","Bireysel","Konut","Banka","Akdeniz","2025-02-18","2025-03-12","2025-03-27","2025-02","4960","4960","0","Paid Late","15","Not Applicable","TRY","AG-09","22","Yes"
"POL-00751","Bireysel","Trafik","Acente","İç Anadolu","2025-06-07","2025-07-05","","2025-06","5430","0","5430","Overdue","7","1-30 Days","TRY","AG-18","44","No"
"POL-00752","Bireysel","Trafik","Dijital","Marmara","2025-02-07","2025-02-27","2025-03-13","2025-02","7210","7210","0","Paid Late","14","Not Applicable","TRY","AG-11","57","Yes"
"POL-00753","Kurumsal","Sağlık","Acente","İç Anadolu","2025-04-10","2025-04-24","","2025-04","82510","43990","38520","Overdue","14","1-30 Days","TRY","AG-05","64","Yes"
"POL-00754","Bireysel","Konut","Acente","İç Anadolu","2025-02-12","2025-03-06","2025-03-02","2025-02","5290","5290","0","Paid On Time","0","Not Applicable","TRY","AG-15","42","Yes"
"POL-00755","Bireysel","Konut","Çağrı Merkezi","Akdeniz","2025-06-03","2025-06-26","2025-06-26","2025-06","3850","3850","0","Paid On Time","0","Not Applicable","TRY","AG-04","36","No"
"POL-00756","Bireysel","Trafik","Dijital","Ege","2025-05-03","2025-05-23","2025-05-21","2025-05","9210","9210","0","Paid On Time","0","Not Applicable","TRY","AG-12","65","No"
"POL-00757","Bireysel","Sağlık","Banka","Ege","2025-12-02","2025-12-16","2025-12-12","2025-12","24020","24020","0","Paid On Time","0","Not Applicable","EUR","AG-13","50","Yes"
"POL-00758","Bireysel","Kasko","Acente","İç Anadolu","2025-04-07","2025-04-30","2025-04-27","2025-04","14820","14820","0","Paid On Time","0","Not Applicable","TRY","AG-14","41","Yes"
"POL-00759","Bireysel","Sağlık","Dijital","İç Anadolu","2025-12-02","2025-12-29","2025-12-24","2025-12","28810","28810","0","Paid On Time","0","Not Applicable","TRY","AG-01","61","Yes"
"POL-00760","Bireysel","Trafik","Dijital","Akdeniz","2025-06-20","2025-07-10","2025-07-05","2025-06","5280","5280","0","Paid On Time","0","Not Applicable","USD","AG-17","43","Yes"
"POL-00761","Bireysel","Konut","Acente","Akdeniz","2025-07-24","2025-08-19","2025-08-19","2025-07","4210","4210","0","Paid On Time","0","Not Applicable","TRY","AG-11","24","Yes"
"POL-00762","KOBİ","Trafik","Acente","Marmara","2025-12-07","2026-01-05","2026-01-02","2025-12","14980","14980","0","Paid On Time","0","Not Applicable","TRY","AG-05","67","Yes"
"POL-00763","Bireysel","Trafik","Acente","Akdeniz","2025-11-01","2025-11-27","2025-11-22","2025-11","9300","9300","0","Paid On Time","0","Not Applicable","TRY","AG-16","60","Yes"
"POL-00764","Bireysel","Sağlık","Çağrı Merkezi","Marmara","2025-02-19","2025-03-14","2025-03-17","2025-02","26940","26940","0","Paid Late","3","Not Applicable","TRY","AG-18","69","Yes"
"POL-00765","KOBİ","Kasko","Banka","Akdeniz","2025-01-03","2025-01-23","","2025-01","31500","0","31500","Cancelled","0","Not Applicable","TRY","AG-12","67","No"
"POL-00766","Bireysel","Konut","Acente","İç Anadolu","2025-02-04","2025-02-25","2025-02-22","2025-02","6620","6620","0","Paid On Time","0","Not Applicable","TRY","AG-11","54","Yes"
"POL-00767","KOBİ","Trafik","Acente","Karadeniz","2025-07-09","2025-07-25","2025-07-25","2025-07","13230","13230","0","Paid On Time","0","Not Applicable","TRY","AG-07","41","Yes"
"POL-00768","Kurumsal","Trafik","Acente","Ege","2025-12-19","2026-01-07","2026-01-03","2025-12","23270","23270","0","Paid On Time","0","Not Applicable","TRY","AG-14","45","No"
"POL-00769","Bireysel","Seyahat","Dijital","Ege","2025-02-10","2025-02-28","2025-02-24","2025-02","1560","1560","0","Paid On Time","0","Not Applicable","TRY","AG-15","49","No"
"POL-00770","KOBİ","Konut","Acente","Marmara","2025-03-02","2025-03-20","2025-03-15","2025-03","10470","10470","0","Paid On Time","0","Not Applicable","TRY","AG-04","46","Yes"
"POL-00771","KOBİ","Trafik","Acente","Karadeniz","2025-08-02","2025-08-18","2025-08-18","2025-08","15370","15370","0","Paid On Time","0","Not Applicable","TRY","AG-07","46","No"
"POL-00772","Bireysel","Kasko","Acente","Marmara","2025-04-11","2025-05-05","2025-05-02","2025-04","20160","20160","0","Paid On Time","0","Not Applicable","EUR","AG-05","52","Yes"
"POL-00773","Bireysel","Seyahat","Banka","Ege","2025-12-15","2026-01-08","2026-01-03","2025-12","2570","2570","0","Paid On Time","0","Not Applicable","TRY","AG-02","26","Yes"
"POL-00774","Bireysel","Trafik","Acente","Akdeniz","2025-06-04","2025-07-02","2025-07-07","2025-06","7280","7280","0","Paid Late","5","Not Applicable","TRY","AG-15","55","No"
"POL-00775","Bireysel","Sağlık","Dijital","Akdeniz","2025-09-21","2025-10-07","2025-10-07","2025-09","31890","31890","0","Paid On Time","0","Not Applicable","TRY","AG-17","55","Yes"
"POL-00776","KOBİ","Trafik","Acente","Marmara","2025-02-19","2025-03-09","2025-03-16","2025-02","12830","12830","0","Paid Late","7","Not Applicable","TRY","AG-14","62","No"
"POL-00777","Bireysel","Seyahat","Çağrı Merkezi","Marmara","2025-03-18","2025-04-02","2025-03-29","2025-03","2690","2690","0","Paid On Time","0","Not Applicable","TRY","AG-10","33","Yes"
"POL-00778","Bireysel","Trafik","Banka","Akdeniz","2025-07-01","2025-07-29","2025-07-28","2025-07","7140","7140","0","Paid On Time","0","Not Applicable","TRY","AG-05","55","Yes"
"POL-00779","Bireysel","Trafik","Banka","Karadeniz","2025-03-08","2025-04-02","","2025-03","8860","4050","4810","Overdue","92","90+ Days","TRY","AG-09","60","No"
"POL-00780","Bireysel","Kasko","Banka","Marmara","2025-06-17","2025-07-09","2025-07-06","2025-06","22750","22750","0","Paid On Time","0","Not Applicable","TRY","AG-14","58","Yes"
"POL-00781","KOBİ","Kasko","Banka","Akdeniz","2025-06-09","2025-06-23","2025-07-04","2025-06","42120","42120","0","Paid Late","11","Not Applicable","TRY","AG-01","53","Yes"
"POL-00782","KOBİ","Seyahat","Dijital","Ege","2025-01-19","2025-02-15","2025-02-12","2025-01","4540","4540","0","Paid On Time","0","Not Applicable","TRY","AG-02","36","Yes"
"POL-00783","Bireysel","Sağlık","Banka","Marmara","2025-06-17","2025-07-05","","2025-06","26380","0","26380","Overdue","14","1-30 Days","TRY","AG-17","58","No"
"POL-00784","Bireysel","Trafik","Acente","Marmara","2025-05-15","2025-05-31","2025-05-29","2025-05","9430","9430","0","Paid On Time","0","Not Applicable","TRY","AG-03","40","No"
"POL-00785","Bireysel","Kasko","Dijital","İç Anadolu","2025-11-03","2025-12-02","","2025-11","13830","7000","6830","Overdue","54","31-60 Days","TRY","AG-18","57","Yes"
"POL-00786","Bireysel","Kasko","Çağrı Merkezi","Akdeniz","2025-08-09","2025-09-05","","2025-08","14710","8580","6130","Overdue","71","61-90 Days","EUR","AG-12","42","Yes"
"POL-00787","Bireysel","Sağlık","Banka","Marmara","2025-11-14","2025-11-30","2025-11-29","2025-11","22810","22810","0","Paid On Time","0","Not Applicable","TRY","AG-12","78","No"
"POL-00788","Bireysel","Konut","Acente","İç Anadolu","2025-01-20","2025-02-08","2025-02-08","2025-01","3470","3470","0","Paid On Time","0","Not Applicable","TRY","AG-11","37","No"
"POL-00789","KOBİ","Sağlık","Dijital","Marmara","2025-01-04","2025-01-27","2025-01-24","2025-01","31260","31260","0","Paid On Time","0","Not Applicable","USD","AG-16","78","Yes"
"POL-00790","Bireysel","Trafik","Dijital","Marmara","2025-06-07","2025-07-07","2025-08-04","2025-06","5980","5980","0","Paid Late","28","Not Applicable","TRY","AG-10","41","Yes"
"POL-00791","Bireysel","Trafik","Çağrı Merkezi","İç Anadolu","2025-03-20","2025-04-13","2025-04-12","2025-03","9430","9430","0","Paid On Time","0","Not Applicable","TRY","AG-09","60","Yes"
"POL-00792","Bireysel","Sağlık","Acente","Marmara","2025-12-23","2026-01-08","2026-01-07","2025-12","26000","26000","0","Paid On Time","0","Not Applicable","TRY","AG-12","73","Yes"
"POL-00793","Bireysel","Trafik","Çağrı Merkezi","İç Anadolu","2025-11-10","2025-12-04","","2025-11","9700","0","9700","Cancelled","0","Not Applicable","TRY","AG-04","70","No"
"POL-00794","Bireysel","Konut","Dijital","İç Anadolu","2025-11-02","2025-11-23","2025-11-21","2025-11","6650","6650","0","Paid On Time","0","Not Applicable","TRY","AG-18","35","No"
"POL-00795","KOBİ","Trafik","Banka","İç Anadolu","2025-12-24","2026-01-10","2026-01-09","2025-12","12870","12870","0","Paid On Time","0","Not Applicable","TRY","AG-16","46","Yes"
"POL-00796","KOBİ","Sağlık","Dijital","Marmara","2025-01-19","2025-02-15","2025-02-12","2025-01","44910","44910","0","Paid On Time","0","Not Applicable","EUR","AG-16","50","Yes"
"POL-00797","Bireysel","Konut","Banka","Ege","2025-11-13","2025-12-11","","2025-11","5020","0","5020","Overdue","26","1-30 Days","TRY","AG-17","34","No"
"POL-00798","Bireysel","Trafik","Banka","Ege","2025-10-24","2025-11-08","2025-11-03","2025-10","7390","7390","0","Paid On Time","0","Not Applicable","TRY","AG-03","40","Yes"
"POL-00799","KOBİ","Trafik","Dijital","Marmara","2025-09-12","2025-09-28","2025-10-01","2025-09","14340","14340","0","Paid Late","3","Not Applicable","TRY","AG-03","51","Yes"
"POL-00800","Bireysel","Seyahat","Acente","Ege","2025-11-07","2025-11-26","2025-11-24","2025-11","2610","2610","0","Paid On Time","0","Not Applicable","TRY","AG-12","18","Yes"
"POL-00801","KOBİ","Kasko","Dijital","Akdeniz","2025-12-18","2026-01-13","2026-01-10","2025-12","33360","33360","0","Paid On Time","0","Not Applicable","TRY","AG-05","63","Yes"
"POL-00802","Bireysel","Trafik","Banka","Ege","2025-12-04","2025-12-26","2025-12-26","2025-12","5680","5680","0","Paid On Time","0","Not Applicable","TRY","AG-09","57","Yes"
"POL-00803","Kurumsal","Trafik","Dijital","İç Anadolu","2025-10-08","2025-10-30","2025-10-30","2025-10","20470","20470","0","Paid On Time","0","Not Applicable","TRY","AG-05","45","Yes"
"POL-00804","Bireysel","Trafik","Dijital","Akdeniz","2025-03-24","2025-04-16","2025-04-13","2025-03","6070","6070","0","Paid On Time","0","Not Applicable","TRY","AG-09","57","Yes"
"POL-00805","Bireysel","Kasko","Çağrı Merkezi","Ege","2025-03-20","2025-04-06","2025-04-02","2025-03","16180","16180","0","Paid On Time","0","Not Applicable","TRY","AG-10","43","Yes"
"POL-00806","Bireysel","Konut","Acente","Karadeniz","2025-09-18","2025-10-08","","2025-09","5830","3520","2310","Overdue","26","1-30 Days","TRY","AG-03","25","Yes"
"POL-00807","Bireysel","Kasko","Acente","Marmara","2025-04-10","2025-04-25","2025-04-23","2025-04","25350","25350","0","Paid On Time","0","Not Applicable","TRY","AG-18","56","Yes"
"POL-00808","KOBİ","Sağlık","Acente","Marmara","2025-07-14","2025-08-13","","2025-07","34130","18500","15630","Overdue","22","1-30 Days","USD","AG-10","53","Yes"
"POL-00809","Bireysel","Trafik","Çağrı Merkezi","İç Anadolu","2025-03-22","2025-04-15","2025-04-12","2025-03","9790","9790","0","Paid On Time","0","Not Applicable","TRY","AG-10","43","Yes"
"POL-00810","Bireysel","Konut","Çağrı Merkezi","Akdeniz","2025-01-05","2025-02-02","","2025-01","3760","1920","1840","Overdue","97","90+ Days","TRY","AG-15","41","Yes"
"POL-00811","Bireysel","Konut","Çağrı Merkezi","Marmara","2025-07-04","2025-07-23","2025-07-21","2025-07","4290","4290","0","Paid On Time","0","Not Applicable","TRY","AG-06","27","Yes"
"POL-00812","KOBİ","Trafik","Acente","İç Anadolu","2025-06-18","2025-07-17","2025-07-12","2025-06","13810","13810","0","Paid On Time","0","Not Applicable","TRY","AG-14","69","Yes"
"POL-00813","KOBİ","Sağlık","Banka","Marmara","2025-08-19","2025-09-13","2025-09-12","2025-08","40870","40870","0","Paid On Time","0","Not Applicable","TRY","AG-13","48","Yes"
"POL-00814","KOBİ","Trafik","Acente","Ege","2025-06-05","2025-06-25","2025-06-20","2025-06","11860","11860","0","Paid On Time","0","Not Applicable","TRY","AG-11","55","Yes"
"POL-00815","KOBİ","Trafik","Dijital","Karadeniz","2025-08-22","2025-09-18","2025-09-15","2025-08","11250","11250","0","Paid On Time","0","Not Applicable","TRY","AG-12","63","No"
"POL-00816","Bireysel","Kasko","Acente","Ege","2025-04-10","2025-04-28","2025-04-27","2025-04","21060","21060","0","Paid On Time","0","Not Applicable","TRY","AG-13","44","Yes"
"POL-00817","Kurumsal","Seyahat","Çağrı Merkezi","İç Anadolu","2025-05-08","2025-05-23","2025-05-22","2025-05","8610","8610","0","Paid On Time","0","Not Applicable","TRY","AG-06","36","Yes"
"POL-00818","KOBİ","Seyahat","Çağrı Merkezi","İç Anadolu","2025-11-19","2025-12-12","","2025-11","4740","2990","1750","Overdue","90","61-90 Days","TRY","AG-15","20","No"
"POL-00819","Bireysel","Kasko","Dijital","Marmara","2025-05-18","2025-06-14","2025-06-14","2025-05","13320","13320","0","Paid On Time","0","Not Applicable","USD","AG-12","58","Yes"
"POL-00820","Bireysel","Kasko","Dijital","Akdeniz","2025-01-17","2025-02-14","2025-02-11","2025-01","24800","24800","0","Paid On Time","0","Not Applicable","TRY","AG-06","55","No"
"POL-00821","KOBİ","Kasko","Dijital","Marmara","2025-04-03","2025-04-19","2025-05-11","2025-04","30180","30180","0","Paid Late","22","Not Applicable","TRY","AG-16","53","Yes"
"POL-00822","Bireysel","Kasko","Dijital","Marmara","2025-01-09","2025-02-06","2025-02-05","2025-01","18740","18740","0","Paid On Time","0","Not Applicable","TRY","AG-01","59","Yes"
"POL-00823","Bireysel","Trafik","Dijital","Marmara","2025-06-02","2025-06-20","2025-06-15","2025-06","10070","10070","0","Paid On Time","0","Not Applicable","TRY","AG-11","64","No"
"POL-00824","KOBİ","Trafik","Acente","Marmara","2025-10-23","2025-11-17","","2025-10","17530","12210","5320","Overdue","89","61-90 Days","TRY","AG-10","43","Yes"
"POL-00825","Bireysel","Kasko","Acente","Marmara","2025-10-19","2025-11-14","","2025-10","15110","0","15110","Cancelled","0","Not Applicable","TRY","AG-13","71","No"
"POL-00826","Kurumsal","Seyahat","Acente","İç Anadolu","2025-04-07","2025-05-04","2025-05-01","2025-04","6700","6700","0","Paid On Time","0","Not Applicable","TRY","AG-03","19","Yes"
"POL-00827","KOBİ","Trafik","Dijital","İç Anadolu","2025-04-22","2025-05-10","2025-05-08","2025-04","18070","18070","0","Paid On Time","0","Not Applicable","TRY","AG-18","66","Yes"
"POL-00828","KOBİ","Sağlık","Banka","Akdeniz","2025-09-23","2025-10-07","2025-10-17","2025-09","61020","61020","0","Paid Late","10","Not Applicable","TRY","AG-14","51","Yes"
"POL-00829","Bireysel","Trafik","Dijital","Karadeniz","2025-07-24","2025-08-10","2025-08-10","2025-07","5910","5910","0","Paid On Time","0","Not Applicable","TRY","AG-10","70","No"
"POL-00830","Bireysel","Konut","Çağrı Merkezi","Akdeniz","2025-11-20","2025-12-14","2025-12-12","2025-11","6750","6750","0","Paid On Time","0","Not Applicable","TRY","AG-18","24","No"
"POL-00831","Bireysel","Trafik","Acente","Ege","2025-03-22","2025-04-08","2025-04-03","2025-03","5290","5290","0","Paid On Time","0","Not Applicable","TRY","AG-08","64","Yes"
"POL-00832","Bireysel","Kasko","Acente","Akdeniz","2025-05-22","2025-06-06","2025-06-26","2025-05","13880","13880","0","Paid Late","20","Not Applicable","TRY","AG-03","44","Yes"
"POL-00833","Bireysel","Kasko","Dijital","Akdeniz","2025-06-06","2025-06-26","2025-06-23","2025-06","20680","20680","0","Paid On Time","0","Not Applicable","TRY","AG-15","74","No"
"POL-00834","Bireysel","Trafik","Acente","Ege","2025-07-17","2025-08-12","2025-09-04","2025-07","9660","9660","0","Paid Late","23","Not Applicable","TRY","AG-09","53","Yes"
"POL-00835","Bireysel","Trafik","Çağrı Merkezi","Akdeniz","2025-08-04","2025-08-30","2025-09-23","2025-08","6430","6430","0","Paid Late","24","Not Applicable","TRY","AG-16","49","Yes"
"POL-00836","KOBİ","Konut","Acente","Marmara","2025-01-21","2025-02-19","2025-02-18","2025-01","10280","10280","0","Paid On Time","0","Not Applicable","TRY","AG-13","41","No"
"POL-00837","Bireysel","Kasko","Çağrı Merkezi","Marmara","2025-12-23","2026-01-16","2026-01-13","2025-12","14550","14550","0","Paid On Time","0","Not Applicable","TRY","AG-04","49","No"
"POL-00838","Bireysel","Kasko","Çağrı Merkezi","Ege","2025-09-17","2025-10-07","","2025-09","23450","0","23450","Overdue","97","90+ Days","TRY","AG-15","52","Yes"
"POL-00839","Kurumsal","Sağlık","Çağrı Merkezi","Marmara","2025-02-11","2025-03-07","2025-04-02","2025-02","113270","113270","0","Paid Late","26","Not Applicable","TRY","AG-10","62","Yes"
"POL-00840","Bireysel","Konut","Acente","Karadeniz","2025-03-21","2025-04-20","2025-04-19","2025-03","4760","4760","0","Paid On Time","0","Not Applicable","USD","AG-14","28","Yes"
"POL-00841","Bireysel","Kasko","Acente","Ege","2025-04-19","2025-05-07","2025-05-22","2025-04","18630","18630","0","Paid Late","15","Not Applicable","TRY","AG-12","42","Yes"
"POL-00842","Bireysel","Trafik","Banka","İç Anadolu","2025-02-15","2025-03-08","2025-03-04","2025-02","7900","7900","0","Paid On Time","0","Not Applicable","TRY","AG-12","52","Yes"
"POL-00843","Bireysel","Trafik","Dijital","Akdeniz","2025-11-13","2025-12-05","2025-11-30","2025-11","6380","6380","0","Paid On Time","0","Not Applicable","TRY","AG-06","52","Yes"
"POL-00844","Bireysel","Trafik","Çağrı Merkezi","Marmara","2025-03-03","2025-03-25","2025-04-10","2025-03","6260","6260","0","Paid Late","16","Not Applicable","TRY","AG-05","48","Yes"
"POL-00845","Bireysel","Kasko","Acente","Karadeniz","2025-11-03","2025-11-25","2025-11-21","2025-11","18600","18600","0","Paid On Time","0","Not Applicable","TRY","AG-08","50","Yes"
"POL-00846","Bireysel","Kasko","Dijital","Ege","2025-10-07","2025-10-24","2025-10-21","2025-10","22610","22610","0","Paid On Time","0","Not Applicable","TRY","AG-14","52","Yes"
"POL-00847","Bireysel","Konut","Dijital","Marmara","2025-12-24","2026-01-23","2026-01-18","2025-12","5000","5000","0","Paid On Time","0","Not Applicable","TRY","AG-17","43","Yes"
"POL-00848","Bireysel","Trafik","Acente","Marmara","2025-12-19","2026-01-14","2026-02-02","2025-12","9440","9440","0","Paid Late","19","Not Applicable","EUR","AG-12","63","Yes"
"POL-00849","Kurumsal","Kasko","Dijital","Karadeniz","2025-07-04","2025-07-20","","2025-07","79170","43630","35540","Overdue","53","31-60 Days","TRY","AG-06","52","No"
"POL-00850","Bireysel","Trafik","Acente","Marmara","2025-02-12","2025-03-14","2025-03-11","2025-02","9170","9170","0","Paid On Time","0","Not Applicable","TRY","AG-08","61","Yes"
"POL-00851","Bireysel","Trafik","Acente","Akdeniz","2025-09-22","2025-10-08","2025-10-05","2025-09","7720","7720","0","Paid On Time","0","Not Applicable","TRY","AG-13","48","Yes"
"POL-00852","KOBİ","Kasko","Dijital","Akdeniz","2025-03-05","2025-04-01","2025-03-27","2025-03","35710","35710","0","Paid On Time","0","Not Applicable","TRY","AG-17","54","Yes"
"POL-00853","Bireysel","Sağlık","Acente","Marmara","2025-02-01","2025-02-23","2025-02-20","2025-02","19690","19690","0","Paid On Time","0","Not Applicable","TRY","AG-10","66","Yes"
"POL-00854","Kurumsal","Trafik","Acente","Akdeniz","2025-10-01","2025-10-28","","2025-10","26270","20030","6240","Overdue","9","1-30 Days","TRY","AG-12","60","No"
"POL-00855","Bireysel","Konut","Banka","Marmara","2025-12-18","2026-01-13","","2025-12","3630","2650","980","Overdue","117","90+ Days","TRY","AG-17","46","No"
"POL-00856","Bireysel","Konut","Dijital","İç Anadolu","2025-09-05","2025-09-23","2025-10-03","2025-09","6580","6580","0","Paid Late","10","Not Applicable","TRY","AG-15","55","Yes"
"POL-00857","Bireysel","Kasko","Acente","Marmara","2025-02-02","2025-02-23","2025-02-22","2025-02","17950","17950","0","Paid On Time","0","Not Applicable","TRY","AG-02","72","Yes"
"POL-00858","Bireysel","Trafik","Acente","Karadeniz","2025-12-23","2026-01-22","2026-01-22","2025-12","9790","9790","0","Paid On Time","0","Not Applicable","TRY","AG-03","45","No"
"POL-00859","Bireysel","Sağlık","Acente","Ege","2025-06-21","2025-07-06","2025-07-17","2025-06","25130","25130","0","Paid Late","11","Not Applicable","TRY","AG-04","50","No"
"POL-00860","Bireysel","Kasko","Acente","Marmara","2025-12-07","2026-01-04","2026-01-20","2025-12","13040","13040","0","Paid Late","16","Not Applicable","TRY","AG-12","51","Yes"
"POL-00861","Bireysel","Trafik","Banka","İç Anadolu","2025-11-19","2025-12-04","2025-12-22","2025-11","8880","8880","0","Paid Late","18","Not Applicable","TRY","AG-10","62","Yes"
"POL-00862","Bireysel","Kasko","Banka","Ege","2025-08-04","2025-08-25","2025-09-16","2025-08","22300","22300","0","Paid Late","22","Not Applicable","TRY","AG-07","75","Yes"
"POL-00863","Bireysel","Konut","Dijital","Marmara","2025-12-05","2026-01-02","2026-01-02","2025-12","5120","5120","0","Paid On Time","0","Not Applicable","TRY","AG-03","37","No"
"POL-00864","Bireysel","Seyahat","Banka","Marmara","2025-06-21","2025-07-11","2025-07-07","2025-06","1790","1790","0","Paid On Time","0","Not Applicable","TRY","AG-16","27","Yes"
"POL-00865","Kurumsal","Trafik","Dijital","Marmara","2025-08-05","2025-08-27","2025-08-26","2025-08","18340","18340","0","Paid On Time","0","Not Applicable","TRY","AG-03","39","Yes"
"POL-00866","Bireysel","Sağlık","Banka","Marmara","2025-09-03","2025-09-17","2025-10-06","2025-09","34060","34060","0","Paid Late","19","Not Applicable","TRY","AG-01","54","Yes"
"POL-00867","Bireysel","Konut","Acente","Marmara","2025-08-02","2025-08-21","2025-08-17","2025-08","5650","5650","0","Paid On Time","0","Not Applicable","TRY","AG-07","34","No"
"POL-00868","Bireysel","Kasko","Acente","Marmara","2025-12-21","2026-01-07","2026-01-06","2025-12","19040","19040","0","Paid On Time","0","Not Applicable","TRY","AG-12","53","Yes"
"POL-00869","Bireysel","Trafik","Acente","Akdeniz","2025-03-14","2025-04-06","2025-04-17","2025-03","8440","8440","0","Paid Late","11","Not Applicable","TRY","AG-14","54","Yes"
"POL-00870","KOBİ","Trafik","Acente","Marmara","2025-11-21","2025-12-07","2025-12-07","2025-11","13600","13600","0","Paid On Time","0","Not Applicable","TRY","AG-15","61","Yes"
"POL-00871","Kurumsal","Konut","Dijital","Marmara","2025-04-08","2025-04-28","2025-04-26","2025-04","12810","12810","0","Paid On Time","0","Not Applicable","TRY","AG-05","35","Yes"
"POL-00872","Bireysel","Konut","Çağrı Merkezi","İç Anadolu","2025-07-11","2025-07-28","","2025-07","4760","0","4760","Cancelled","0","Not Applicable","TRY","AG-08","50","No"
"POL-00873","KOBİ","Sağlık","Acente","Akdeniz","2025-07-02","2025-07-31","2025-07-29","2025-07","40040","40040","0","Paid On Time","0","Not Applicable","TRY","AG-16","53","Yes"
"POL-00874","KOBİ","Trafik","Dijital","Karadeniz","2025-11-03","2025-11-24","2025-11-23","2025-11","15140","15140","0","Paid On Time","0","Not Applicable","TRY","AG-14","41","Yes"
"POL-00875","Bireysel","Konut","Dijital","Ege","2025-08-22","2025-09-05","2025-09-03","2025-08","5530","5530","0","Paid On Time","0","Not Applicable","TRY","AG-10","42","Yes"
"POL-00876","Kurumsal","Sağlık","Banka","Ege","2025-07-20","2025-08-13","2025-08-08","2025-07","81770","81770","0","Paid On Time","0","Not Applicable","TRY","AG-17","45","Yes"
"POL-00877","Bireysel","Konut","Acente","Marmara","2025-01-20","2025-02-03","2025-01-30","2025-01","6510","6510","0","Paid On Time","0","Not Applicable","TRY","AG-18","31","Yes"
"POL-00878","Bireysel","Kasko","Banka","Marmara","2025-03-12","2025-04-09","2025-04-23","2025-03","16230","16230","0","Paid Late","14","Not Applicable","TRY","AG-07","66","Yes"
"POL-00879","Bireysel","Seyahat","Acente","İç Anadolu","2025-02-19","2025-03-14","","2025-02","2100","0","2100","Overdue","50","31-60 Days","TRY","AG-11","25","No"
"POL-00880","Bireysel","Sağlık","Banka","İç Anadolu","2025-06-02","2025-07-01","2025-07-17","2025-06","26990","26990","0","Paid Late","16","Not Applicable","TRY","AG-12","73","Yes"
"POL-00881","Bireysel","Trafik","Acente","Akdeniz","2025-08-03","2025-08-19","2025-08-17","2025-08","8080","8080","0","Paid On Time","0","Not Applicable","TRY","AG-06","66","Yes"
"POL-00882","Bireysel","Trafik","Dijital","Ege","2025-09-12","2025-10-05","2025-10-05","2025-09","9260","9260","0","Paid On Time","0","Not Applicable","TRY","AG-10","49","No"
"POL-00883","KOBİ","Trafik","Acente","Marmara","2025-09-20","2025-10-08","2025-10-22","2025-09","15890","15890","0","Paid Late","14","Not Applicable","TRY","AG-14","62","Yes"
"POL-00884","Bireysel","Trafik","Banka","Marmara","2025-09-04","2025-09-24","","2025-09","8360","0","8360","Overdue","120","90+ Days","TRY","AG-16","48","No"
"POL-00885","Bireysel","Sağlık","Çağrı Merkezi","Marmara","2025-03-13","2025-04-06","2025-04-23","2025-03","29220","29220","0","Paid Late","17","Not Applicable","TRY","AG-11","58","Yes"
"POL-00886","Bireysel","Konut","Banka","Ege","2025-01-15","2025-02-11","2025-02-19","2025-01","4640","4640","0","Paid Late","8","Not Applicable","TRY","AG-06","43","Yes"
"POL-00887","Bireysel","Konut","Çağrı Merkezi","İç Anadolu","2025-02-13","2025-03-07","2025-03-05","2025-02","6010","6010","0","Paid On Time","0","Not Applicable","TRY","AG-03","38","Yes"
"POL-00888","Bireysel","Kasko","Dijital","Marmara","2025-05-19","2025-06-07","2025-06-19","2025-05","25340","25340","0","Paid Late","12","Not Applicable","TRY","AG-03","64","Yes"
"POL-00889","Kurumsal","Seyahat","Banka","Ege","2025-07-13","2025-08-10","2025-08-10","2025-07","7570","7570","0","Paid On Time","0","Not Applicable","TRY","AG-11","13","No"
"POL-00890","Bireysel","Konut","Acente","Marmara","2025-05-22","2025-06-17","","2025-05","5250","0","5250","Overdue","34","31-60 Days","TRY","AG-01","23","Yes"
"POL-00891","KOBİ","Trafik","Acente","İç Anadolu","2025-09-01","2025-09-17","2025-09-17","2025-09","9620","9620","0","Paid On Time","0","Not Applicable","TRY","AG-01","40","Yes"
"POL-00892","Bireysel","Trafik","Banka","Akdeniz","2025-03-19","2025-04-08","2025-04-05","2025-03","9840","9840","0","Paid On Time","0","Not Applicable","TRY","AG-02","59","Yes"
"POL-00893","KOBİ","Kasko","Çağrı Merkezi","Ege","2025-06-03","2025-06-21","2025-06-26","2025-06","27190","27190","0","Paid Late","5","Not Applicable","TRY","AG-11","49","Yes"
"POL-00894","Bireysel","Trafik","Dijital","Marmara","2025-01-24","2025-02-08","2025-02-19","2025-01","5330","5330","0","Paid Late","11","Not Applicable","TRY","AG-18","50","No"
"POL-00895","Bireysel","Trafik","Dijital","Marmara","2025-02-13","2025-02-28","2025-03-18","2025-02","7410","7410","0","Paid Late","18","Not Applicable","TRY","AG-08","61","Yes"
"POL-00896","Bireysel","Kasko","Acente","Marmara","2025-06-01","2025-06-23","2025-06-20","2025-06","13060","13060","0","Paid On Time","0","Not Applicable","TRY","AG-05","61","Yes"
"POL-00897","Bireysel","Konut","Acente","İç Anadolu","2025-11-17","2025-12-04","","2025-11","5600","0","5600","Overdue","8","1-30 Days","TRY","AG-06","49","Yes"
"POL-00898","Kurumsal","Trafik","Banka","Ege","2025-02-17","2025-03-10","2025-03-05","2025-02","24340","24340","0","Paid On Time","0","Not Applicable","TRY","AG-11","50","Yes"
"POL-00899","Bireysel","Kasko","Çağrı Merkezi","Marmara","2025-11-12","2025-11-29","2025-11-27","2025-11","13850","13850","0","Paid On Time","0","Not Applicable","TRY","AG-09","49","Yes"
"POL-00900","Kurumsal","Seyahat","Banka","Akdeniz","2025-11-04","2025-11-26","2025-11-23","2025-11","8750","8750","0","Paid On Time","0","Not Applicable","TRY","AG-09","26","Yes"
"POL-00901","Bireysel","Sağlık","Acente","Marmara","2025-12-05","2025-12-20","","2025-12","27400","19880","7520","Overdue","85","61-90 Days","TRY","AG-02","54","No"
"POL-00902","KOBİ","Trafik","Banka","Akdeniz","2025-03-23","2025-04-14","2025-04-11","2025-03","10910","10910","0","Paid On Time","0","Not Applicable","TRY","AG-09","63","Yes"
"POL-00903","Bireysel","Kasko","Dijital","Marmara","2025-08-03","2025-08-19","2025-08-20","2025-08","24840","24840","0","Paid Late","1","Not Applicable","TRY","AG-12","68","Yes"
"POL-00904","Kurumsal","Seyahat","Çağrı Merkezi","Akdeniz","2025-08-13","2025-09-11","2025-09-08","2025-08","4900","4900","0","Paid On Time","0","Not Applicable","TRY","AG-16","16","Yes"
"POL-00905","KOBİ","Kasko","Acente","Akdeniz","2025-12-23","2026-01-17","2026-01-12","2025-12","43620","43620","0","Paid On Time","0","Not Applicable","TRY","AG-18","48","Yes"
"POL-00906","Bireysel","Trafik","Acente","Akdeniz","2025-07-10","2025-08-01","2025-08-01","2025-07","7840","7840","0","Paid On Time","0","Not Applicable","TRY","AG-01","56","Yes"
"POL-00907","KOBİ","Trafik","Banka","Marmara","2025-05-10","2025-06-05","2025-06-03","2025-05","13030","13030","0","Paid On Time","0","Not Applicable","TRY","AG-16","38","Yes"
"POL-00908","KOBİ","Trafik","Acente","İç Anadolu","2025-05-11","2025-06-01","2025-05-27","2025-05","12530","12530","0","Paid On Time","0","Not Applicable","TRY","AG-16","54","Yes"
"POL-00909","KOBİ","Kasko","Dijital","Karadeniz","2025-03-06","2025-03-23","2025-03-24","2025-03","26090","26090","0","Paid Late","1","Not Applicable","USD","AG-06","44","Yes"
"POL-00910","Kurumsal","Trafik","Çağrı Merkezi","Marmara","2025-11-17","2025-12-17","2025-12-15","2025-11","31610","31610","0","Paid On Time","0","Not Applicable","USD","AG-07","50","Yes"
"POL-00911","KOBİ","Trafik","Çağrı Merkezi","Marmara","2025-09-02","2025-09-19","2025-09-16","2025-09","18230","18230","0","Paid On Time","0","Not Applicable","TRY","AG-11","65","Yes"
"POL-00912","Kurumsal","Sağlık","Acente","Marmara","2025-10-11","2025-11-06","2025-12-02","2025-10","73830","73830","0","Paid Late","26","Not Applicable","TRY","AG-12","49","Yes"
"POL-00913","KOBİ","Trafik","Banka","Marmara","2025-02-17","2025-03-10","2025-03-07","2025-02","9950","9950","0","Paid On Time","0","Not Applicable","TRY","AG-07","46","Yes"
"POL-00914","Bireysel","Konut","Acente","Marmara","2025-09-15","2025-09-29","2025-09-25","2025-09","5120","5120","0","Paid On Time","0","Not Applicable","TRY","AG-14","32","No"
"POL-00915","KOBİ","Trafik","Dijital","Marmara","2025-04-06","2025-04-25","2025-04-25","2025-04","13670","13670","0","Paid On Time","0","Not Applicable","TRY","AG-09","51","Yes"
"POL-00916","Bireysel","Konut","Banka","Marmara","2025-11-11","2025-12-06","2025-12-05","2025-11","3750","3750","0","Paid On Time","0","Not Applicable","TRY","AG-12","22","Yes"
"POL-00917","Kurumsal","Konut","Acente","Marmara","2025-08-05","2025-09-01","2025-09-24","2025-08","15090","15090","0","Paid Late","23","Not Applicable","TRY","AG-16","44","Yes"
"POL-00918","Kurumsal","Sağlık","Banka","Marmara","2025-05-04","2025-05-29","2025-05-26","2025-05","79800","79800","0","Paid On Time","0","Not Applicable","TRY","AG-01","49","No"
"POL-00919","Bireysel","Konut","Banka","İç Anadolu","2025-06-14","2025-07-05","2025-07-05","2025-06","5860","5860","0","Paid On Time","0","Not Applicable","TRY","AG-09","39","Yes"
"POL-00920","KOBİ","Trafik","Acente","Akdeniz","2025-03-09","2025-03-31","2025-03-29","2025-03","12850","12850","0","Paid On Time","0","Not Applicable","USD","AG-07","45","Yes"
"POL-00921","Bireysel","Kasko","Acente","Marmara","2025-01-21","2025-02-13","","2025-01","19600","13460","6140","Overdue","64","61-90 Days","TRY","AG-03","60","No"
"POL-00922","KOBİ","Sağlık","Çağrı Merkezi","Marmara","2025-09-09","2025-09-24","2025-09-21","2025-09","51190","51190","0","Paid On Time","0","Not Applicable","USD","AG-04","66","Yes"
"POL-00923","Bireysel","Trafik","Banka","Marmara","2025-07-20","2025-08-06","2025-08-01","2025-07","9050","9050","0","Paid On Time","0","Not Applicable","USD","AG-07","43","Yes"
"POL-00924","Bireysel","Trafik","Acente","Ege","2025-07-04","2025-07-27","2025-07-24","2025-07","10150","10150","0","Paid On Time","0","Not Applicable","TRY","AG-09","54","Yes"
"POL-00925","Kurumsal","Seyahat","Banka","Marmara","2025-09-05","2025-09-27","2025-09-23","2025-09","9240","9240","0","Paid On Time","0","Not Applicable","TRY","AG-04","42","Yes"
"POL-00926","Bireysel","Kasko","Banka","Marmara","2025-09-24","2025-10-22","2025-10-17","2025-09","18100","18100","0","Paid On Time","0","Not Applicable","TRY","AG-10","66","Yes"
"POL-00927","Kurumsal","Trafik","Acente","Ege","2025-11-18","2025-12-03","2025-12-01","2025-11","26010","26010","0","Paid On Time","0","Not Applicable","TRY","AG-15","47","Yes"
"POL-00928","Bireysel","Seyahat","Dijital","İç Anadolu","2025-04-01","2025-04-26","2025-04-22","2025-04","2300","2300","0","Paid On Time","0","Not Applicable","TRY","AG-05","42","No"
"POL-00929","KOBİ","Konut","Acente","Marmara","2025-11-15","2025-12-06","2025-12-06","2025-11","9580","9580","0","Paid On Time","0","Not Applicable","TRY","AG-16","39","Yes"
"POL-00930","Kurumsal","Trafik","Çağrı Merkezi","Karadeniz","2025-09-18","2025-10-03","","2025-09","28730","0","28730","Overdue","105","90+ Days","TRY","AG-17","56","No"
"POL-00931","Bireysel","Kasko","Acente","Akdeniz","2025-03-04","2025-04-03","2025-04-03","2025-03","18450","18450","0","Paid On Time","0","Not Applicable","TRY","AG-07","62","No"
"POL-00932","KOBİ","Sağlık","Acente","Akdeniz","2025-01-11","2025-01-25","2025-01-24","2025-01","40920","40920","0","Paid On Time","0","Not Applicable","TRY","AG-07","65","Yes"
"POL-00933","Bireysel","Konut","Dijital","Karadeniz","2025-05-09","2025-06-04","2025-06-04","2025-05","4200","4200","0","Paid On Time","0","Not Applicable","TRY","AG-05","46","No"
"POL-00934","Bireysel","Kasko","Çağrı Merkezi","Ege","2025-05-03","2025-05-27","2025-05-24","2025-05","16750","16750","0","Paid On Time","0","Not Applicable","TRY","AG-08","48","Yes"
"POL-00935","KOBİ","Konut","Acente","Akdeniz","2025-10-03","2025-11-02","2025-11-21","2025-10","10940","10940","0","Paid Late","19","Not Applicable","TRY","AG-07","38","Yes"
"POL-00936","Bireysel","Trafik","Dijital","Marmara","2025-10-01","2025-10-30","2025-11-15","2025-10","6750","6750","0","Paid Late","16","Not Applicable","USD","AG-04","44","Yes"
"POL-00937","Bireysel","Seyahat","Çağrı Merkezi","Marmara","2025-12-15","2026-01-13","2026-01-17","2025-12","1410","1410","0","Paid Late","4","Not Applicable","TRY","AG-16","49","No"
"POL-00938","Kurumsal","Kasko","Banka","Ege","2025-11-03","2025-12-02","","2025-11","74670","0","74670","Cancelled","0","Not Applicable","TRY","AG-11","58","No"
"POL-00939","Bireysel","Trafik","Çağrı Merkezi","Karadeniz","2025-06-08","2025-06-24","","2025-06","9340","0","9340","Overdue","88","61-90 Days","EUR","AG-06","39","Yes"
"POL-00940","Bireysel","Trafik","Acente","Akdeniz","2025-05-07","2025-05-23","2025-05-22","2025-05","7120","7120","0","Paid On Time","0","Not Applicable","TRY","AG-04","69","Yes"
"POL-00941","Bireysel","Konut","Dijital","İç Anadolu","2025-04-17","2025-05-17","","2025-04","3780","0","3780","Cancelled","0","Not Applicable","TRY","AG-18","32","No"
"POL-00942","KOBİ","Trafik","Dijital","Marmara","2025-07-05","2025-08-03","2025-07-29","2025-07","12140","12140","0","Paid On Time","0","Not Applicable","TRY","AG-17","71","Yes"
"POL-00943","Bireysel","Sağlık","Çağrı Merkezi","Ege","2025-04-23","2025-05-17","2025-05-15","2025-04","21100","21100","0","Paid On Time","0","Not Applicable","TRY","AG-13","48","Yes"
"POL-00944","Kurumsal","Kasko","Dijital","Ege","2025-05-16","2025-06-10","","2025-05","84870","0","84870","Cancelled","0","Not Applicable","TRY","AG-17","65","No"
"POL-00945","Kurumsal","Trafik","Banka","Marmara","2025-02-03","2025-02-21","2025-02-17","2025-02","20400","20400","0","Paid On Time","0","Not Applicable","TRY","AG-16","57","Yes"
"POL-00946","Bireysel","Konut","Acente","Akdeniz","2025-02-14","2025-03-14","2025-03-14","2025-02","6720","6720","0","Paid On Time","0","Not Applicable","TRY","AG-06","26","Yes"
"POL-00947","Bireysel","Sağlık","Acente","Akdeniz","2025-12-24","2026-01-12","2026-01-12","2025-12","27090","27090","0","Paid On Time","0","Not Applicable","TRY","AG-08","46","No"
"POL-00948","Bireysel","Konut","Acente","Marmara","2025-01-22","2025-02-19","2025-02-17","2025-01","4750","4750","0","Paid On Time","0","Not Applicable","TRY","AG-09","39","Yes"
"POL-00949","Bireysel","Sağlık","Acente","Karadeniz","2025-08-06","2025-08-23","2025-08-21","2025-08","30690","30690","0","Paid On Time","0","Not Applicable","TRY","AG-16","73","No"
"POL-00950","Bireysel","Trafik","Dijital","Akdeniz","2025-09-08","2025-10-02","2025-10-02","2025-09","7110","7110","0","Paid On Time","0","Not Applicable","TRY","AG-16","59","Yes"
"POL-00951","KOBİ","Trafik","Banka","Ege","2025-05-03","2025-05-29","2025-05-27","2025-05","10840","10840","0","Paid On Time","0","Not Applicable","TRY","AG-14","48","Yes"
"POL-00952","Bireysel","Kasko","Banka","Ege","2025-11-05","2025-12-02","2025-11-30","2025-11","16540","16540","0","Paid On Time","0","Not Applicable","TRY","AG-18","69","No"
"POL-00953","Bireysel","Kasko","Acente","İç Anadolu","2025-03-07","2025-04-04","2025-04-03","2025-03","16480","16480","0","Paid On Time","0","Not Applicable","TRY","AG-16","64","Yes"
"POL-00954","KOBİ","Kasko","Dijital","Marmara","2025-02-15","2025-03-02","2025-03-18","2025-02","33710","33710","0","Paid Late","16","Not Applicable","TRY","AG-14","53","No"
"POL-00955","KOBİ","Sağlık","Acente","Marmara","2025-10-11","2025-10-26","2025-11-22","2025-10","40940","40940","0","Paid Late","27","Not Applicable","TRY","AG-07","79","No"
"POL-00956","Bireysel","Kasko","Dijital","Marmara","2025-10-07","2025-10-31","2025-11-21","2025-10","14350","14350","0","Paid Late","21","Not Applicable","TRY","AG-14","69","No"
"POL-00957","Bireysel","Kasko","Dijital","İç Anadolu","2025-10-11","2025-11-07","2025-11-06","2025-10","21220","21220","0","Paid On Time","0","Not Applicable","TRY","AG-13","67","Yes"
"POL-00958","KOBİ","Konut","Çağrı Merkezi","Marmara","2025-02-23","2025-03-22","2025-03-18","2025-02","7170","7170","0","Paid On Time","0","Not Applicable","TRY","AG-13","29","Yes"
"POL-00959","Bireysel","Trafik","Banka","İç Anadolu","2025-08-03","2025-08-23","2025-09-21","2025-08","7090","7090","0","Paid Late","29","Not Applicable","TRY","AG-18","43","Yes"
"POL-00960","Bireysel","Sağlık","Çağrı Merkezi","Marmara","2025-03-15","2025-03-31","2025-04-11","2025-03","27830","27830","0","Paid Late","11","Not Applicable","TRY","AG-14","70","No"
"POL-00961","Bireysel","Kasko","Dijital","İç Anadolu","2025-07-17","2025-08-03","2025-08-09","2025-07","13950","13950","0","Paid Late","6","Not Applicable","TRY","AG-09","72","Yes"
"POL-00962","Bireysel","Kasko","Banka","Marmara","2025-06-19","2025-07-12","2025-07-31","2025-06","17490","17490","0","Paid Late","19","Not Applicable","EUR","AG-13","68","No"
"POL-00963","Bireysel","Konut","Acente","Akdeniz","2025-10-13","2025-11-10","2025-11-08","2025-10","3600","3600","0","Paid On Time","0","Not Applicable","TRY","AG-06","21","Yes"
"POL-00964","KOBİ","Trafik","Banka","Marmara","2025-08-20","2025-09-15","2025-09-14","2025-08","18020","18020","0","Paid On Time","0","Not Applicable","TRY","AG-16","62","Yes"
"POL-00965","Bireysel","Seyahat","Çağrı Merkezi","Marmara","2025-02-03","2025-03-05","","2025-02","2170","0","2170","Overdue","71","61-90 Days","TRY","AG-06","33","No"
"POL-00966","Bireysel","Sağlık","Acente","Marmara","2025-07-05","2025-07-31","","2025-07","21520","0","21520","Cancelled","0","Not Applicable","TRY","AG-15","72","No"
"POL-00967","Bireysel","Seyahat","Dijital","Marmara","2025-04-03","2025-04-25","2025-04-24","2025-04","1740","1740","0","Paid On Time","0","Not Applicable","TRY","AG-03","25","Yes"
"POL-00968","Kurumsal","Kasko","Banka","Akdeniz","2025-08-03","2025-08-29","2025-08-30","2025-08","78290","78290","0","Paid Late","1","Not Applicable","TRY","AG-16","48","Yes"
"POL-00969","Bireysel","Kasko","Banka","Marmara","2025-01-19","2025-02-08","2025-02-08","2025-01","18300","18300","0","Paid On Time","0","Not Applicable","TRY","AG-04","43","Yes"
"POL-00970","Bireysel","Trafik","Acente","Marmara","2025-12-07","2025-12-28","2025-12-29","2025-12","9120","9120","0","Paid Late","1","Not Applicable","TRY","AG-10","37","No"
"POL-00971","Bireysel","Trafik","Banka","Marmara","2025-04-20","2025-05-09","2025-06-02","2025-04","8740","8740","0","Paid Late","24","Not Applicable","TRY","AG-16","38","Yes"
"POL-00972","KOBİ","Sağlık","Acente","Karadeniz","2025-05-10","2025-06-01","2025-05-29","2025-05","43260","43260","0","Paid On Time","0","Not Applicable","TRY","AG-07","57","Yes"
"POL-00973","Bireysel","Seyahat","Banka","İç Anadolu","2025-05-09","2025-05-25","","2025-05","1650","0","1650","Overdue","15","1-30 Days","TRY","AG-12","49","Yes"
"POL-00974","Bireysel","Trafik","Acente","İç Anadolu","2025-05-03","2025-05-18","2025-05-17","2025-05","6570","6570","0","Paid On Time","0","Not Applicable","TRY","AG-14","51","Yes"
"POL-00975","KOBİ","Trafik","Çağrı Merkezi","Karadeniz","2025-07-03","2025-07-21","2025-07-18","2025-07","9420","9420","0","Paid On Time","0","Not Applicable","TRY","AG-01","61","Yes"
"POL-00976","Bireysel","Seyahat","Acente","Marmara","2025-03-01","2025-03-17","2025-03-15","2025-03","1660","1660","0","Paid On Time","0","Not Applicable","TRY","AG-06","20","Yes"
"POL-00977","Bireysel","Sağlık","Acente","Marmara","2025-08-10","2025-09-05","","2025-08","23140","0","23140","Overdue","79","61-90 Days","TRY","AG-03","55","No"
"POL-00978","Bireysel","Kasko","Acente","Karadeniz","2025-04-19","2025-05-04","2025-05-01","2025-04","14470","14470","0","Paid On Time","0","Not Applicable","TRY","AG-05","73","Yes"
"POL-00979","Bireysel","Sağlık","Çağrı Merkezi","Marmara","2025-08-01","2025-08-23","","2025-08","25090","0","25090","Overdue","83","61-90 Days","TRY","AG-12","61","Yes"
"POL-00980","Kurumsal","Trafik","Banka","Ege","2025-12-18","2026-01-05","2026-01-04","2025-12","20000","20000","0","Paid On Time","0","Not Applicable","TRY","AG-16","50","Yes"
"POL-00981","KOBİ","Kasko","Acente","Akdeniz","2025-05-09","2025-06-03","","2025-05","30740","0","30740","Overdue","28","1-30 Days","TRY","AG-10","48","No"
"POL-00982","KOBİ","Kasko","Acente","Marmara","2025-07-14","2025-08-01","2025-08-01","2025-07","25480","25480","0","Paid On Time","0","Not Applicable","TRY","AG-01","60","Yes"
"POL-00983","Bireysel","Seyahat","Acente","İç Anadolu","2025-08-06","2025-08-22","2025-08-17","2025-08","1900","1900","0","Paid On Time","0","Not Applicable","TRY","AG-05","36","Yes"
"POL-00984","Bireysel","Trafik","Acente","İç Anadolu","2025-12-13","2026-01-06","2026-01-05","2025-12","6350","6350","0","Paid On Time","0","Not Applicable","TRY","AG-01","63","Yes"
"POL-00985","Bireysel","Trafik","Acente","Ege","2025-12-07","2026-01-04","2026-01-31","2025-12","9790","9790","0","Paid Late","27","Not Applicable","TRY","AG-05","53","Yes"
"POL-00986","KOBİ","Konut","Çağrı Merkezi","Ege","2025-12-06","2025-12-25","2026-01-18","2025-12","8120","8120","0","Paid Late","24","Not Applicable","TRY","AG-12","26","No"
"POL-00987","Bireysel","Trafik","Çağrı Merkezi","Karadeniz","2025-07-05","2025-07-19","2025-07-24","2025-07","6760","6760","0","Paid Late","5","Not Applicable","TRY","AG-17","68","Yes"
"POL-00988","Bireysel","Kasko","Banka","İç Anadolu","2025-08-19","2025-09-12","2025-09-12","2025-08","13310","13310","0","Paid On Time","0","Not Applicable","TRY","AG-18","42","Yes"
"POL-00989","Bireysel","Trafik","Çağrı Merkezi","İç Anadolu","2025-08-16","2025-09-05","2025-09-29","2025-08","9130","9130","0","Paid Late","24","Not Applicable","EUR","AG-03","55","Yes"
"POL-00990","KOBİ","Kasko","Acente","Marmara","2025-03-10","2025-03-28","2025-04-20","2025-03","37830","37830","0","Paid Late","23","Not Applicable","TRY","AG-02","42","Yes"
"POL-00991","Bireysel","Trafik","Dijital","Marmara","2025-11-20","2025-12-10","2025-12-10","2025-11","7650","7650","0","Paid On Time","0","Not Applicable","EUR","AG-07","37","Yes"
"POL-00992","Bireysel","Trafik","Çağrı Merkezi","Marmara","2025-09-21","2025-10-12","2025-10-21","2025-09","8950","8950","0","Paid Late","9","Not Applicable","USD","AG-18","50","Yes"
"POL-00993","KOBİ","Sağlık","Acente","Ege","2025-02-04","2025-03-06","2025-03-12","2025-02","53790","53790","0","Paid Late","6","Not Applicable","USD","AG-06","47","Yes"
"POL-00994","Bireysel","Seyahat","Acente","İç Anadolu","2025-03-14","2025-04-08","2025-04-03","2025-03","1970","1970","0","Paid On Time","0","Not Applicable","TRY","AG-13","39","Yes"
"POL-00995","Bireysel","Sağlık","Çağrı Merkezi","Karadeniz","2025-12-14","2026-01-09","","2025-12","32440","16890","15550","Overdue","44","31-60 Days","TRY","AG-12","67","No"
"POL-00996","KOBİ","Sağlık","Acente","Akdeniz","2025-04-17","2025-05-02","2025-05-01","2025-04","59840","59840","0","Paid On Time","0","Not Applicable","TRY","AG-01","69","Yes"
"POL-00997","Bireysel","Kasko","Dijital","Marmara","2025-05-04","2025-06-02","2025-06-10","2025-05","25110","25110","0","Paid Late","8","Not Applicable","USD","AG-06","71","Yes"
"POL-00998","Bireysel","Kasko","Dijital","Marmara","2025-08-20","2025-09-19","2025-09-14","2025-08","25050","25050","0","Paid On Time","0","Not Applicable","TRY","AG-01","70","Yes"
"POL-00999","Bireysel","Kasko","Dijital","Karadeniz","2025-09-07","2025-09-23","","2025-09","21300","16990","4310","Overdue","39","31-60 Days","TRY","AG-04","73","No"
"POL-01000","Bireysel","Kasko","Dijital","Akdeniz","2025-03-18","2025-04-11","2025-04-07","2025-03","16740","16740","0","Paid On Time","0","Not Applicable","TRY","AG-17","70","No"
"POL-01001","KOBİ","Kasko","Dijital","Ege","2025-04-10","2025-05-08","","2025-04","23630","0","23630","Cancelled","0","Not Applicable","TRY","AG-09","74","Yes"
"POL-01002","Kurumsal","Konut","Acente","Ege","2025-10-19","2025-11-12","2025-11-11","2025-10","20490","20490","0","Paid On Time","0","Not Applicable","TRY","AG-06","43","Yes"
"POL-01003","Bireysel","Trafik","Acente","Karadeniz","2025-02-21","2025-03-16","2025-03-29","2025-02","9810","9810","0","Paid Late","13","Not Applicable","TRY","AG-01","54","Yes"
"POL-01004","Bireysel","Trafik","Acente","İç Anadolu","2025-01-24","2025-02-09","2025-02-09","2025-01","10200","10200","0","Paid On Time","0","Not Applicable","TRY","AG-06","58","Yes"
"POL-01005","Bireysel","Konut","Acente","Ege","2025-10-04","2025-10-31","2025-10-30","2025-10","3540","3540","0","Paid On Time","0","Not Applicable","EUR","AG-09","25","Yes"
"POL-01006","Kurumsal","Trafik","Acente","Marmara","2025-10-23","2025-11-17","","2025-10","27460","17510","9950","Overdue","76","61-90 Days","TRY","AG-18","40","Yes"
"POL-01007","Bireysel","Trafik","Banka","Akdeniz","2025-05-05","2025-05-24","","2025-05","5450","0","5450","Overdue","34","31-60 Days","TRY","AG-10","47","No"
"POL-01008","Kurumsal","Konut","Çağrı Merkezi","Marmara","2025-10-20","2025-11-17","2025-11-13","2025-10","19730","19730","0","Paid On Time","0","Not Applicable","TRY","AG-09","26","Yes"
"POL-01009","Bireysel","Seyahat","Banka","Marmara","2025-07-04","2025-07-26","2025-07-23","2025-07","2460","2460","0","Paid On Time","0","Not Applicable","TRY","AG-13","17","Yes"
"POL-01010","Bireysel","Sağlık","Çağrı Merkezi","Ege","2025-12-03","2025-12-17","2026-01-03","2025-12","32690","32690","0","Paid Late","17","Not Applicable","TRY","AG-11","65","Yes"
"POL-01011","Bireysel","Trafik","Acente","Karadeniz","2025-08-02","2025-08-26","2025-08-21","2025-08","8290","8290","0","Paid On Time","0","Not Applicable","TRY","AG-16","59","Yes"
"POL-01012","Bireysel","Konut","Banka","Akdeniz","2025-02-06","2025-02-25","","2025-02","3550","0","3550","Overdue","98","90+ Days","EUR","AG-07","52","Yes"
"POL-01013","Bireysel","Trafik","Banka","Marmara","2025-12-03","2025-12-31","2025-12-26","2025-12","5470","5470","0","Paid On Time","0","Not Applicable","TRY","AG-09","50","Yes"
"POL-01014","Bireysel","Konut","Acente","Marmara","2025-03-22","2025-04-06","2025-04-04","2025-03","5740","5740","0","Paid On Time","0","Not Applicable","TRY","AG-07","48","No"
"POL-01015","Bireysel","Seyahat","Acente","Akdeniz","2025-11-20","2025-12-18","","2025-11","1540","0","1540","Cancelled","0","Not Applicable","TRY","AG-03","27","No"
"POL-01016","Bireysel","Kasko","Acente","İç Anadolu","2025-03-11","2025-04-06","2025-04-02","2025-03","21680","21680","0","Paid On Time","0","Not Applicable","TRY","AG-07","71","Yes"
"POL-01017","Kurumsal","Trafik","Acente","İç Anadolu","2025-03-08","2025-03-25","2025-03-24","2025-03","21820","21820","0","Paid On Time","0","Not Applicable","TRY","AG-15","36","Yes"
"POL-01018","KOBİ","Seyahat","Acente","İç Anadolu","2025-08-19","2025-09-02","2025-08-31","2025-08","3950","3950","0","Paid On Time","0","Not Applicable","TRY","AG-05","39","Yes"
"POL-01019","Bireysel","Trafik","Banka","İç Anadolu","2025-06-01","2025-06-19","2025-06-14","2025-06","9750","9750","0","Paid On Time","0","Not Applicable","TRY","AG-11","50","Yes"
"POL-01020","KOBİ","Kasko","Çağrı Merkezi","İç Anadolu","2025-06-10","2025-06-26","2025-06-24","2025-06","29390","29390","0","Paid On Time","0","Not Applicable","USD","AG-08","45","Yes"
"POL-01021","Bireysel","Kasko","Acente","Marmara","2025-07-08","2025-07-24","","2025-07","15070","6960","8110","Overdue","18","1-30 Days","EUR","AG-08","69","No"
"POL-01022","Bireysel","Sağlık","Banka","Marmara","2025-03-06","2025-03-31","2025-03-26","2025-03","33660","33660","0","Paid On Time","0","Not Applicable","TRY","AG-06","50","Yes"
"POL-01023","Bireysel","Trafik","Dijital","Ege","2025-11-10","2025-11-28","2025-11-25","2025-11","10100","10100","0","Paid On Time","0","Not Applicable","TRY","AG-08","40","Yes"
"POL-01024","Bireysel","Konut","Acente","Akdeniz","2025-04-07","2025-04-28","","2025-04","3970","0","3970","Overdue","76","61-90 Days","TRY","AG-13","25","Yes"
"POL-01025","Bireysel","Seyahat","Dijital","Akdeniz","2025-11-08","2025-12-03","2025-11-28","2025-11","1430","1430","0","Paid On Time","0","Not Applicable","TRY","AG-12","34","Yes"
"POL-01026","Bireysel","Trafik","Acente","Karadeniz","2025-05-04","2025-05-25","2025-05-25","2025-05","9050","9050","0","Paid On Time","0","Not Applicable","TRY","AG-04","46","Yes"
"POL-01027","Kurumsal","Konut","Acente","İç Anadolu","2025-12-06","2026-01-01","2026-01-23","2025-12","15270","15270","0","Paid Late","22","Not Applicable","TRY","AG-04","39","Yes"
"POL-01028","Kurumsal","Kasko","Acente","Akdeniz","2025-02-21","2025-03-08","","2025-02","48310","23050","25260","Overdue","11","1-30 Days","TRY","AG-17","40","No"
"POL-01029","Bireysel","Kasko","Dijital","Akdeniz","2025-08-19","2025-09-17","2025-10-15","2025-08","24920","24920","0","Paid Late","28","Not Applicable","USD","AG-02","67","Yes"
"POL-01030","Bireysel","Konut","Acente","Marmara","2025-08-16","2025-09-15","2025-09-10","2025-08","3490","3490","0","Paid On Time","0","Not Applicable","TRY","AG-18","27","No"
"POL-01031","KOBİ","Konut","Dijital","Karadeniz","2025-01-12","2025-01-29","2025-01-26","2025-01","7970","7970","0","Paid On Time","0","Not Applicable","TRY","AG-04","50","Yes"
"POL-01032","KOBİ","Kasko","Acente","Marmara","2025-01-01","2025-01-23","2025-01-18","2025-01","26130","26130","0","Paid On Time","0","Not Applicable","TRY","AG-04","71","Yes"
"POL-01033","Bireysel","Trafik","Çağrı Merkezi","Marmara","2025-06-06","2025-06-21","2025-06-28","2025-06","8310","8310","0","Paid Late","7","Not Applicable","TRY","AG-05","59","Yes"
"POL-01034","KOBİ","Kasko","Dijital","Ege","2025-10-16","2025-11-10","2025-11-10","2025-10","24420","24420","0","Paid On Time","0","Not Applicable","TRY","AG-10","44","No"
"POL-01035","KOBİ","Sağlık","Acente","Karadeniz","2025-11-14","2025-11-30","","2025-11","45850","0","45850","Cancelled","0","Not Applicable","TRY","AG-06","55","No"
"POL-01036","Bireysel","Sağlık","Çağrı Merkezi","Marmara","2025-06-09","2025-07-04","2025-07-03","2025-06","31540","31540","0","Paid On Time","0","Not Applicable","TRY","AG-13","69","Yes"
"POL-01037","Bireysel","Sağlık","Acente","Marmara","2025-03-20","2025-04-12","2025-05-06","2025-03","25690","25690","0","Paid Late","24","Not Applicable","USD","AG-01","47","Yes"
"POL-01038","Bireysel","Konut","Dijital","Akdeniz","2025-03-06","2025-03-30","2025-03-27","2025-03","3680","3680","0","Paid On Time","0","Not Applicable","TRY","AG-16","33","Yes"
"POL-01039","KOBİ","Trafik","Acente","Marmara","2025-02-23","2025-03-22","","2025-02","17620","9500","8120","Overdue","42","31-60 Days","TRY","AG-04","65","Yes"
"POL-01040","Bireysel","Konut","Çağrı Merkezi","Akdeniz","2025-04-18","2025-05-12","2025-05-08","2025-04","4100","4100","0","Paid On Time","0","Not Applicable","TRY","AG-16","52","No"
"POL-01041","Bireysel","Trafik","Dijital","Karadeniz","2025-11-19","2025-12-03","2025-11-30","2025-11","9590","9590","0","Paid On Time","0","Not Applicable","TRY","AG-15","71","Yes"
"POL-01042","KOBİ","Kasko","Acente","Marmara","2025-04-21","2025-05-08","2025-05-07","2025-04","25400","25400","0","Paid On Time","0","Not Applicable","TRY","AG-11","71","Yes"
"POL-01043","Bireysel","Sağlık","Acente","Marmara","2025-05-24","2025-06-13","2025-06-09","2025-05","18000","18000","0","Paid On Time","0","Not Applicable","TRY","AG-14","78","Yes"
"POL-01044","KOBİ","Kasko","Acente","Akdeniz","2025-10-21","2025-11-09","","2025-10","26790","0","26790","Overdue","53","31-60 Days","TRY","AG-14","65","Yes"
"POL-01045","Bireysel","Konut","Acente","Akdeniz","2025-04-23","2025-05-23","2025-05-19","2025-04","4880","4880","0","Paid On Time","0","Not Applicable","TRY","AG-03","32","No"
"POL-01046","Bireysel","Trafik","Acente","Akdeniz","2025-06-03","2025-06-18","","2025-06","5660","2960","2700","Overdue","33","31-60 Days","TRY","AG-13","46","Yes"
"POL-01047","Bireysel","Kasko","Banka","İç Anadolu","2025-02-20","2025-03-18","","2025-02","13700","0","13700","Overdue","18","1-30 Days","TRY","AG-13","65","No"
"POL-01048","Bireysel","Trafik","Acente","Ege","2025-03-12","2025-04-11","2025-04-06","2025-03","9430","9430","0","Paid On Time","0","Not Applicable","TRY","AG-18","39","Yes"
"POL-01049","Bireysel","Trafik","Acente","Akdeniz","2025-03-23","2025-04-08","2025-04-03","2025-03","6380","6380","0","Paid On Time","0","Not Applicable","TRY","AG-12","69","Yes"
"POL-01050","Bireysel","Konut","Acente","İç Anadolu","2025-01-06","2025-01-21","","2025-01","5990","0","5990","Cancelled","0","Not Applicable","TRY","AG-03","29","No"
"POL-01051","Kurumsal","Kasko","Dijital","İç Anadolu","2025-02-08","2025-03-02","2025-03-12","2025-02","67160","67160","0","Paid Late","10","Not Applicable","TRY","AG-15","66","Yes"
"POL-01052","Bireysel","Konut","Acente","İç Anadolu","2025-07-05","2025-07-27","2025-07-24","2025-07","5370","5370","0","Paid On Time","0","Not Applicable","TRY","AG-11","45","Yes"
"POL-01053","Bireysel","Kasko","Acente","Marmara","2025-03-08","2025-04-02","","2025-03","24210","0","24210","Cancelled","0","Not Applicable","TRY","AG-06","69","No"
"POL-01054","Bireysel","Kasko","Dijital","Marmara","2025-07-03","2025-07-27","2025-07-22","2025-07","24810","24810","0","Paid On Time","0","Not Applicable","TRY","AG-11","44","No"
"POL-01055","Bireysel","Sağlık","Çağrı Merkezi","Marmara","2025-06-09","2025-06-27","","2025-06","22900","0","22900","Overdue","104","90+ Days","TRY","AG-11","51","No"
"POL-01056","Bireysel","Konut","Banka","Marmara","2025-03-18","2025-04-11","2025-04-10","2025-03","5430","5430","0","Paid On Time","0","Not Applicable","TRY","AG-13","35","Yes"
"POL-01057","Bireysel","Kasko","Acente","Ege","2025-06-23","2025-07-13","2025-07-13","2025-06","17320","17320","0","Paid On Time","0","Not Applicable","TRY","AG-15","43","Yes"
"POL-01058","KOBİ","Trafik","Acente","Marmara","2025-01-18","2025-02-01","","2025-01","10100","0","10100","Overdue","118","90+ Days","TRY","AG-12","52","Yes"
"POL-01059","Bireysel","Kasko","Dijital","Marmara","2025-02-19","2025-03-20","2025-03-15","2025-02","15920","15920","0","Paid On Time","0","Not Applicable","EUR","AG-06","71","Yes"
"POL-01060","KOBİ","Konut","Banka","Marmara","2025-08-20","2025-09-13","2025-09-17","2025-08","6800","6800","0","Paid Late","4","Not Applicable","TRY","AG-11","26","Yes"
"POL-01061","Bireysel","Trafik","Dijital","İç Anadolu","2025-10-10","2025-11-07","2025-11-04","2025-10","8620","8620","0","Paid On Time","0","Not Applicable","TRY","AG-04","51","Yes"
"POL-01062","Bireysel","Konut","Banka","İç Anadolu","2025-02-21","2025-03-14","2025-03-10","2025-02","6520","6520","0","Paid On Time","0","Not Applicable","TRY","AG-09","37","Yes"
"POL-01063","Bireysel","Trafik","Dijital","İç Anadolu","2025-06-05","2025-06-24","2025-06-21","2025-06","6690","6690","0","Paid On Time","0","Not Applicable","TRY","AG-06","48","Yes"
"POL-01064","Bireysel","Sağlık","Acente","İç Anadolu","2025-06-18","2025-07-16","2025-07-16","2025-06","30500","30500","0","Paid On Time","0","Not Applicable","TRY","AG-10","80","Yes"
"POL-01065","Bireysel","Trafik","Acente","Marmara","2025-10-03","2025-10-30","2025-10-30","2025-10","6960","6960","0","Paid On Time","0","Not Applicable","EUR","AG-11","62","Yes"
"POL-01066","Bireysel","Kasko","Acente","Ege","2025-11-13","2025-11-27","2025-11-24","2025-11","19100","19100","0","Paid On Time","0","Not Applicable","TRY","AG-04","47","Yes"
"POL-01067","KOBİ","Sağlık","Dijital","Marmara","2025-05-12","2025-06-01","2025-05-27","2025-05","55620","55620","0","Paid On Time","0","Not Applicable","TRY","AG-18","79","No"
"POL-01068","Kurumsal","Trafik","Acente","Marmara","2025-05-14","2025-06-02","2025-05-30","2025-05","24640","24640","0","Paid On Time","0","Not Applicable","TRY","AG-16","39","Yes"
"POL-01069","KOBİ","Kasko","Dijital","Akdeniz","2025-06-01","2025-06-22","","2025-06","28440","0","28440","Overdue","79","61-90 Days","TRY","AG-12","53","No"
"POL-01070","Bireysel","Konut","Banka","Marmara","2025-03-09","2025-04-01","2025-03-29","2025-03","3590","3590","0","Paid On Time","0","Not Applicable","EUR","AG-10","54","No"
"POL-01071","Bireysel","Trafik","Acente","Marmara","2025-04-18","2025-05-13","2025-05-13","2025-04","7740","7740","0","Paid On Time","0","Not Applicable","TRY","AG-14","55","No"
"POL-01072","Kurumsal","Kasko","Dijital","Marmara","2025-09-19","2025-10-17","2025-11-07","2025-09","61040","61040","0","Paid Late","21","Not Applicable","TRY","AG-01","53","Yes"
"POL-01073","Bireysel","Konut","Çağrı Merkezi","Akdeniz","2025-10-22","2025-11-21","2025-11-17","2025-10","5080","5080","0","Paid On Time","0","Not Applicable","TRY","AG-02","38","Yes"
"POL-01074","KOBİ","Seyahat","Acente","Karadeniz","2025-08-15","2025-08-29","2025-09-03","2025-08","4430","4430","0","Paid Late","5","Not Applicable","TRY","AG-01","20","Yes"
"POL-01075","Bireysel","Sağlık","Dijital","İç Anadolu","2025-11-08","2025-11-22","2025-12-11","2025-11","34070","34070","0","Paid Late","19","Not Applicable","TRY","AG-09","66","No"
"POL-01076","Bireysel","Trafik","Banka","Marmara","2025-06-23","2025-07-14","2025-07-13","2025-06","6410","6410","0","Paid On Time","0","Not Applicable","TRY","AG-13","41","Yes"
"POL-01077","Bireysel","Sağlık","Dijital","Akdeniz","2025-01-15","2025-02-11","2025-02-27","2025-01","18040","18040","0","Paid Late","16","Not Applicable","TRY","AG-12","68","Yes"
"POL-01078","Bireysel","Konut","Banka","Akdeniz","2025-12-15","2026-01-13","2026-01-09","2025-12","6040","6040","0","Paid On Time","0","Not Applicable","TRY","AG-13","43","Yes"
"POL-01079","Bireysel","Trafik","Banka","İç Anadolu","2025-04-24","2025-05-17","2025-05-16","2025-04","7340","7340","0","Paid On Time","0","Not Applicable","TRY","AG-07","64","Yes"
"POL-01080","Bireysel","Konut","Banka","İç Anadolu","2025-01-13","2025-02-07","2025-02-04","2025-01","5190","5190","0","Paid On Time","0","Not Applicable","EUR","AG-12","23","Yes"
"POL-01081","Bireysel","Kasko","Dijital","Marmara","2025-12-02","2025-12-27","2025-12-22","2025-12","12980","12980","0","Paid On Time","0","Not Applicable","TRY","AG-03","63","Yes"
"POL-01082","Kurumsal","Trafik","Acente","Marmara","2025-07-09","2025-08-03","2025-08-05","2025-07","28370","28370","0","Paid Late","2","Not Applicable","TRY","AG-10","57","Yes"
"POL-01083","Bireysel","Konut","Acente","Ege","2025-11-09","2025-11-24","2025-11-24","2025-11","6450","6450","0","Paid On Time","0","Not Applicable","TRY","AG-05","45","Yes"
"POL-01084","Bireysel","Kasko","Acente","Marmara","2025-03-24","2025-04-10","2025-04-09","2025-03","24970","24970","0","Paid On Time","0","Not Applicable","TRY","AG-14","69","No"
"POL-01085","Bireysel","Kasko","Dijital","Marmara","2025-09-15","2025-10-01","","2025-09","23500","13630","9870","Overdue","10","1-30 Days","TRY","AG-13","62","Yes"
"POL-01086","KOBİ","Kasko","Acente","Marmara","2025-10-16","2025-11-13","2025-12-11","2025-10","43630","43630","0","Paid Late","28","Not Applicable","TRY","AG-13","61","Yes"
"POL-01087","Bireysel","Sağlık","Acente","Marmara","2025-04-11","2025-05-08","2025-05-25","2025-04","33510","33510","0","Paid Late","17","Not Applicable","TRY","AG-15","61","Yes"
"POL-01088","Bireysel","Trafik","Acente","Karadeniz","2025-10-01","2025-10-30","2025-10-27","2025-10","8240","8240","0","Paid On Time","0","Not Applicable","TRY","AG-12","50","Yes"
"POL-01089","Bireysel","Trafik","Acente","Akdeniz","2025-04-19","2025-05-05","2025-05-04","2025-04","8790","8790","0","Paid On Time","0","Not Applicable","TRY","AG-06","41","Yes"
"POL-01090","Bireysel","Konut","Banka","Akdeniz","2025-11-09","2025-12-05","2025-11-30","2025-11","4320","4320","0","Paid On Time","0","Not Applicable","TRY","AG-18","32","Yes"
"POL-01091","Bireysel","Sağlık","Dijital","Akdeniz","2025-12-10","2025-12-31","2025-12-30","2025-12","17360","17360","0","Paid On Time","0","Not Applicable","TRY","AG-03","46","No"
"POL-01092","KOBİ","Seyahat","Acente","Marmara","2025-02-11","2025-03-07","2025-03-06","2025-02","3660","3660","0","Paid On Time","0","Not Applicable","USD","AG-05","27","Yes"
"POL-01093","KOBİ","Konut","Banka","Akdeniz","2025-07-01","2025-07-17","","2025-07","8460","0","8460","Overdue","50","31-60 Days","TRY","AG-02","25","Yes"
"POL-01094","KOBİ","Trafik","Acente","Akdeniz","2025-07-10","2025-07-30","","2025-07","10480","0","10480","Cancelled","0","Not Applicable","TRY","AG-03","52","No"
"POL-01095","Bireysel","Konut","Acente","İç Anadolu","2025-01-20","2025-02-05","2025-02-02","2025-01","6210","6210","0","Paid On Time","0","Not Applicable","TRY","AG-12","28","Yes"
"POL-01096","Bireysel","Konut","Dijital","İç Anadolu","2025-02-15","2025-03-13","2025-03-15","2025-02","6340","6340","0","Paid Late","2","Not Applicable","TRY","AG-07","47","Yes"
"POL-01097","Bireysel","Trafik","Çağrı Merkezi","Karadeniz","2025-09-02","2025-09-21","2025-09-18","2025-09","8140","8140","0","Paid On Time","0","Not Applicable","TRY","AG-06","39","Yes"
"POL-01098","Bireysel","Seyahat","Dijital","İç Anadolu","2025-06-12","2025-06-27","2025-06-27","2025-06","1940","1940","0","Paid On Time","0","Not Applicable","TRY","AG-04","45","Yes"
"POL-01099","Kurumsal","Trafik","Dijital","Marmara","2025-05-16","2025-06-11","2025-06-11","2025-05","34270","34270","0","Paid On Time","0","Not Applicable","TRY","AG-06","40","Yes"
"POL-01100","KOBİ","Trafik","Banka","Ege","2025-10-23","2025-11-19","2025-12-06","2025-10","12320","12320","0","Paid Late","17","Not Applicable","TRY","AG-02","48","Yes"
"POL-01101","KOBİ","Konut","Banka","İç Anadolu","2025-10-07","2025-11-03","2025-10-31","2025-10","9930","9930","0","Paid On Time","0","Not Applicable","TRY","AG-16","33","No"
"POL-01102","Kurumsal","Kasko","Çağrı Merkezi","Akdeniz","2025-10-18","2025-11-06","2025-11-07","2025-10","84060","84060","0","Paid Late","1","Not Applicable","TRY","AG-17","59","No"
"POL-01103","Bireysel","Trafik","Banka","Karadeniz","2025-10-22","2025-11-21","2025-11-20","2025-10","8380","8380","0","Paid On Time","0","Not Applicable","TRY","AG-05","57","Yes"
"POL-01104","Bireysel","Konut","Dijital","Akdeniz","2025-12-13","2025-12-29","","2025-12","5940","3920","2020","Overdue","35","31-60 Days","EUR","AG-11","46","No"
"POL-01105","KOBİ","Seyahat","Acente","Akdeniz","2025-11-09","2025-11-26","2025-11-23","2025-11","3510","3510","0","Paid On Time","0","Not Applicable","TRY","AG-15","35","Yes"
"POL-01106","Bireysel","Sağlık","Acente","Karadeniz","2025-08-15","2025-08-30","","2025-08","25700","0","25700","Overdue","85","61-90 Days","TRY","AG-17","69","No"
"POL-01107","KOBİ","Kasko","Acente","Marmara","2025-02-14","2025-03-08","2025-03-08","2025-02","34980","34980","0","Paid On Time","0","Not Applicable","TRY","AG-06","58","No"
"POL-01108","Kurumsal","Trafik","Dijital","Marmara","2025-03-02","2025-03-19","2025-04-02","2025-03","23380","23380","0","Paid Late","14","Not Applicable","TRY","AG-13","43","No"
"POL-01109","KOBİ","Kasko","Çağrı Merkezi","İç Anadolu","2025-08-16","2025-09-11","2025-10-01","2025-08","36240","36240","0","Paid Late","20","Not Applicable","TRY","AG-10","55","No"
"POL-01110","Bireysel","Kasko","Çağrı Merkezi","Karadeniz","2025-12-02","2025-12-22","2025-12-19","2025-12","23080","23080","0","Paid On Time","0","Not Applicable","TRY","AG-12","64","Yes"
"POL-01111","KOBİ","Kasko","Çağrı Merkezi","Ege","2025-09-18","2025-10-10","2025-11-03","2025-09","39310","39310","0","Paid Late","24","Not Applicable","TRY","AG-13","55","No"
"POL-01112","Bireysel","Trafik","Dijital","Akdeniz","2025-05-14","2025-06-11","","2025-05","8100","0","8100","Overdue","116","90+ Days","USD","AG-07","57","Yes"
"POL-01113","Bireysel","Konut","Dijital","İç Anadolu","2025-04-01","2025-04-24","2025-04-24","2025-04","5200","5200","0","Paid On Time","0","Not Applicable","TRY","AG-07","48","Yes"
"POL-01114","Bireysel","Konut","Banka","İç Anadolu","2025-01-22","2025-02-14","2025-02-12","2025-01","5540","5540","0","Paid On Time","0","Not Applicable","TRY","AG-01","43","Yes"
"POL-01115","KOBİ","Trafik","Çağrı Merkezi","Marmara","2025-05-08","2025-05-30","2025-05-30","2025-05","18180","18180","0","Paid On Time","0","Not Applicable","TRY","AG-05","51","Yes"
"POL-01116","Bireysel","Seyahat","Acente","Ege","2025-11-01","2025-11-17","2025-12-08","2025-11","2250","2250","0","Paid Late","21","Not Applicable","TRY","AG-02","34","No"
"POL-01117","Bireysel","Kasko","Çağrı Merkezi","Marmara","2025-09-06","2025-10-01","2025-09-26","2025-09","17800","17800","0","Paid On Time","0","Not Applicable","TRY","AG-04","63","Yes"
"POL-01118","Kurumsal","Seyahat","Dijital","Ege","2025-07-12","2025-07-30","","2025-07","4970","2680","2290","Overdue","32","31-60 Days","TRY","AG-07","21","Yes"
"POL-01119","Kurumsal","Trafik","Banka","Marmara","2025-12-21","2026-01-12","","2025-12","27160","21290","5870","Overdue","13","1-30 Days","TRY","AG-07","44","No"
"POL-01120","KOBİ","Kasko","Dijital","Ege","2025-11-02","2025-11-24","2025-11-24","2025-11","37470","37470","0","Paid On Time","0","Not Applicable","TRY","AG-10","53","Yes"
"POL-01121","Bireysel","Sağlık","Acente","Marmara","2025-08-04","2025-09-03","2025-09-03","2025-08","18100","18100","0","Paid On Time","0","Not Applicable","TRY","AG-15","72","No"
"POL-01122","Bireysel","Konut","Acente","Ege","2025-07-05","2025-07-21","2025-07-21","2025-07","5360","5360","0","Paid On Time","0","Not Applicable","TRY","AG-15","36","Yes"
"POL-01123","Bireysel","Trafik","Acente","Ege","2025-09-23","2025-10-10","2025-10-10","2025-09","8670","8670","0","Paid On Time","0","Not Applicable","TRY","AG-01","54","Yes"
"POL-01124","Bireysel","Trafik","Dijital","Karadeniz","2025-11-21","2025-12-19","2025-12-17","2025-11","8710","8710","0","Paid On Time","0","Not Applicable","TRY","AG-04","44","Yes"
"POL-01125","Bireysel","Konut","Dijital","Marmara","2025-01-17","2025-02-04","2025-02-02","2025-01","6150","6150","0","Paid On Time","0","Not Applicable","TRY","AG-01","41","Yes"
"POL-01126","KOBİ","Trafik","Dijital","Akdeniz","2025-04-01","2025-04-15","","2025-04","12030","0","12030","Cancelled","0","Not Applicable","TRY","AG-05","54","No"
"POL-01127","Bireysel","Kasko","Çağrı Merkezi","Akdeniz","2025-04-06","2025-05-01","2025-04-29","2025-04","20180","20180","0","Paid On Time","0","Not Applicable","TRY","AG-11","56","Yes"
"POL-01128","Bireysel","Kasko","Dijital","Ege","2025-02-14","2025-03-02","2025-03-29","2025-02","16040","16040","0","Paid Late","27","Not Applicable","TRY","AG-01","43","No"
"POL-01129","Bireysel","Konut","Banka","İç Anadolu","2025-12-08","2025-12-29","2025-12-26","2025-12","4440","4440","0","Paid On Time","0","Not Applicable","TRY","AG-11","35","Yes"
"POL-01130","Kurumsal","Konut","Banka","Marmara","2025-04-03","2025-05-03","2025-05-02","2025-04","18480","18480","0","Paid On Time","0","Not Applicable","TRY","AG-13","25","No"
"POL-01131","Bireysel","Trafik","Acente","Ege","2025-06-01","2025-06-18","2025-06-13","2025-06","10090","10090","0","Paid On Time","0","Not Applicable","TRY","AG-07","41","Yes"
"POL-01132","Bireysel","Seyahat","Acente","İç Anadolu","2025-12-10","2026-01-07","2026-01-20","2025-12","1600","1600","0","Paid Late","13","Not Applicable","USD","AG-16","37","No"
"POL-01133","Bireysel","Kasko","Acente","Ege","2025-10-01","2025-10-18","2025-10-18","2025-10","18740","18740","0","Paid On Time","0","Not Applicable","EUR","AG-14","63","Yes"
"POL-01134","Bireysel","Konut","Çağrı Merkezi","Marmara","2025-03-12","2025-04-07","2025-04-04","2025-03","5400","5400","0","Paid On Time","0","Not Applicable","TRY","AG-10","41","Yes"
"POL-01135","Bireysel","Kasko","Acente","Ege","2025-06-10","2025-06-27","2025-06-24","2025-06","15310","15310","0","Paid On Time","0","Not Applicable","TRY","AG-05","64","Yes"
"POL-01136","KOBİ","Sağlık","Dijital","İç Anadolu","2025-09-08","2025-09-22","2025-09-18","2025-09","56460","56460","0","Paid On Time","0","Not Applicable","TRY","AG-10","56","Yes"
"POL-01137","Kurumsal","Kasko","Banka","İç Anadolu","2025-10-12","2025-11-04","2025-11-01","2025-10","56780","56780","0","Paid On Time","0","Not Applicable","TRY","AG-09","37","Yes"
"POL-01138","Bireysel","Trafik","Dijital","Marmara","2025-06-24","2025-07-16","2025-07-13","2025-06","7580","7580","0","Paid On Time","0","Not Applicable","TRY","AG-03","57","Yes"
"POL-01139","Bireysel","Kasko","Banka","Ege","2025-04-07","2025-04-29","2025-05-05","2025-04","19140","19140","0","Paid Late","6","Not Applicable","TRY","AG-02","73","Yes"
"POL-01140","KOBİ","Konut","Çağrı Merkezi","Ege","2025-04-20","2025-05-10","2025-05-10","2025-04","9760","9760","0","Paid On Time","0","Not Applicable","TRY","AG-02","36","Yes"
"POL-01141","Bireysel","Seyahat","Dijital","Marmara","2025-11-16","2025-12-16","2025-12-16","2025-11","2210","2210","0","Paid On Time","0","Not Applicable","TRY","AG-04","24","Yes"
"POL-01142","Bireysel","Kasko","Çağrı Merkezi","Ege","2025-01-15","2025-02-01","2025-02-01","2025-01","14430","14430","0","Paid On Time","0","Not Applicable","TRY","AG-12","53","Yes"
"POL-01143","Kurumsal","Konut","Dijital","İç Anadolu","2025-03-08","2025-03-30","2025-03-30","2025-03","15510","15510","0","Paid On Time","0","Not Applicable","TRY","AG-16","32","Yes"
"POL-01144","Kurumsal","Kasko","Acente","İç Anadolu","2025-12-04","2025-12-29","2025-12-27","2025-12","62410","62410","0","Paid On Time","0","Not Applicable","USD","AG-14","56","Yes"
"POL-01145","KOBİ","Trafik","Banka","Marmara","2025-01-04","2025-02-01","2025-02-01","2025-01","11190","11190","0","Paid On Time","0","Not Applicable","TRY","AG-08","57","Yes"
"POL-01146","Bireysel","Trafik","Acente","Ege","2025-05-22","2025-06-07","2025-06-22","2025-05","6390","6390","0","Paid Late","15","Not Applicable","TRY","AG-08","63","Yes"
"POL-01147","Bireysel","Kasko","Acente","Marmara","2025-05-10","2025-06-02","","2025-05","20300","0","20300","Cancelled","0","Not Applicable","EUR","AG-16","60","No"
"POL-01148","Bireysel","Sağlık","Dijital","Karadeniz","2025-07-21","2025-08-06","2025-08-02","2025-07","20240","20240","0","Paid On Time","0","Not Applicable","TRY","AG-16","63","No"
"POL-01149","Bireysel","Sağlık","Acente","Akdeniz","2025-06-01","2025-06-29","2025-06-26","2025-06","25670","25670","0","Paid On Time","0","Not Applicable","TRY","AG-01","75","Yes"
"POL-01150","Bireysel","Konut","Dijital","Marmara","2025-10-12","2025-10-29","2025-10-29","2025-10","6730","6730","0","Paid On Time","0","Not Applicable","TRY","AG-15","43","Yes"
"POL-01151","Bireysel","Seyahat","Acente","Marmara","2025-01-06","2025-01-31","","2025-01","1560","0","1560","Cancelled","0","Not Applicable","TRY","AG-11","26","No"
"POL-01152","Bireysel","Kasko","Acente","Ege","2025-09-01","2025-09-28","2025-09-28","2025-09","16380","16380","0","Paid On Time","0","Not Applicable","TRY","AG-14","62","Yes"
"POL-01153","Bireysel","Trafik","Banka","Marmara","2025-10-21","2025-11-19","2025-11-15","2025-10","8490","8490","0","Paid On Time","0","Not Applicable","TRY","AG-09","55","Yes"
"POL-01154","Bireysel","Kasko","Acente","Karadeniz","2025-04-12","2025-04-30","2025-04-30","2025-04","25210","25210","0","Paid On Time","0","Not Applicable","USD","AG-04","41","Yes"
"POL-01155","Kurumsal","Konut","Acente","İç Anadolu","2025-03-24","2025-04-23","2025-04-18","2025-03","13300","13300","0","Paid On Time","0","Not Applicable","TRY","AG-18","38","Yes"
"POL-01156","Bireysel","Konut","Çağrı Merkezi","Marmara","2025-10-19","2025-11-04","2025-11-01","2025-10","4140","4140","0","Paid On Time","0","Not Applicable","TRY","AG-06","27","Yes"
"POL-01157","Bireysel","Seyahat","Acente","Akdeniz","2025-04-04","2025-05-04","2025-04-30","2025-04","2700","2700","0","Paid On Time","0","Not Applicable","TRY","AG-05","23","Yes"
"POL-01158","Bireysel","Sağlık","Banka","Marmara","2025-12-13","2026-01-10","2026-01-07","2025-12","29430","29430","0","Paid On Time","0","Not Applicable","TRY","AG-11","49","No"
"POL-01159","KOBİ","Kasko","Dijital","Akdeniz","2025-06-11","2025-06-26","2025-06-24","2025-06","44040","44040","0","Paid On Time","0","Not Applicable","USD","AG-09","66","No"
"POL-01160","Bireysel","Sağlık","Çağrı Merkezi","Ege","2025-07-12","2025-07-30","2025-08-20","2025-07","25810","25810","0","Paid Late","21","Not Applicable","TRY","AG-01","52","Yes"
"POL-01161","Kurumsal","Kasko","Dijital","Marmara","2025-07-06","2025-07-21","2025-07-19","2025-07","82940","82940","0","Paid On Time","0","Not Applicable","TRY","AG-17","45","Yes"
"POL-01162","Bireysel","Kasko","Çağrı Merkezi","İç Anadolu","2025-01-14","2025-02-03","2025-01-30","2025-01","18890","18890","0","Paid On Time","0","Not Applicable","TRY","AG-14","55","Yes"
"POL-01163","Bireysel","Kasko","Acente","Akdeniz","2025-07-14","2025-08-02","","2025-07","14820","0","14820","Cancelled","0","Not Applicable","TRY","AG-09","74","No"
"POL-01164","Bireysel","Seyahat","Acente","Marmara","2025-01-17","2025-02-02","","2025-01","2180","0","2180","Overdue","48","31-60 Days","TRY","AG-09","44","No"
"POL-01165","Bireysel","Trafik","Dijital","Marmara","2025-06-21","2025-07-07","2025-07-02","2025-06","9750","9750","0","Paid On Time","0","Not Applicable","TRY","AG-17","52","Yes"
"POL-01166","Kurumsal","Trafik","Banka","Marmara","2025-02-17","2025-03-17","2025-03-12","2025-02","19610","19610","0","Paid On Time","0","Not Applicable","TRY","AG-10","63","No"
"POL-01167","Bireysel","Konut","Dijital","Ege","2025-12-05","2026-01-02","2025-12-31","2025-12","5380","5380","0","Paid On Time","0","Not Applicable","TRY","AG-07","30","Yes"
"POL-01168","Kurumsal","Konut","Acente","Ege","2025-10-24","2025-11-18","2025-11-18","2025-10","23160","23160","0","Paid On Time","0","Not Applicable","TRY","AG-05","16","Yes"
"POL-01169","KOBİ","Trafik","Dijital","Karadeniz","2025-03-23","2025-04-13","2025-04-30","2025-03","17470","17470","0","Paid Late","17","Not Applicable","TRY","AG-02","57","No"
"POL-01170","Bireysel","Trafik","Acente","Marmara","2025-07-10","2025-07-24","2025-07-22","2025-07","7690","7690","0","Paid On Time","0","Not Applicable","USD","AG-06","40","Yes"
"POL-01171","KOBİ","Trafik","Banka","Akdeniz","2025-06-05","2025-06-23","2025-06-20","2025-06","18010","18010","0","Paid On Time","0","Not Applicable","EUR","AG-05","66","Yes"
"POL-01172","KOBİ","Kasko","Acente","Ege","2025-08-07","2025-08-26","2025-09-13","2025-08","36470","36470","0","Paid Late","18","Not Applicable","TRY","AG-03","74","Yes"
"POL-01173","Bireysel","Seyahat","Acente","İç Anadolu","2025-03-13","2025-04-09","2025-04-08","2025-03","2310","2310","0","Paid On Time","0","Not Applicable","TRY","AG-07","27","No"
"POL-01174","Bireysel","Trafik","Çağrı Merkezi","Akdeniz","2025-03-23","2025-04-12","2025-04-12","2025-03","5880","5880","0","Paid On Time","0","Not Applicable","TRY","AG-14","41","Yes"
"POL-01175","Bireysel","Konut","Dijital","Karadeniz","2025-01-17","2025-02-11","2025-02-08","2025-01","6610","6610","0","Paid On Time","0","Not Applicable","TRY","AG-03","53","Yes"
"POL-01176","KOBİ","Kasko","Acente","Marmara","2025-04-18","2025-05-14","2025-05-22","2025-04","44840","44840","0","Paid Late","8","Not Applicable","TRY","AG-13","67","No"
"POL-01177","Bireysel","Kasko","Çağrı Merkezi","İç Anadolu","2025-03-16","2025-04-08","2025-04-04","2025-03","13210","13210","0","Paid On Time","0","Not Applicable","TRY","AG-05","56","Yes"
"POL-01178","Bireysel","Konut","Dijital","Marmara","2025-05-05","2025-05-22","2025-05-22","2025-05","4790","4790","0","Paid On Time","0","Not Applicable","TRY","AG-15","33","Yes"
"POL-01179","Bireysel","Trafik","Acente","Ege","2025-05-21","2025-06-06","2025-06-01","2025-05","5660","5660","0","Paid On Time","0","Not Applicable","TRY","AG-15","67","No"
"POL-01180","Bireysel","Trafik","Çağrı Merkezi","Marmara","2025-09-23","2025-10-10","2025-10-09","2025-09","8110","8110","0","Paid On Time","0","Not Applicable","TRY","AG-16","66","No"
"POL-01181","Bireysel","Trafik","Acente","İç Anadolu","2025-09-19","2025-10-19","2025-10-18","2025-09","7800","7800","0","Paid On Time","0","Not Applicable","TRY","AG-03","38","Yes"
"POL-01182","Bireysel","Kasko","Acente","Akdeniz","2025-09-12","2025-10-04","2025-09-30","2025-09","15320","15320","0","Paid On Time","0","Not Applicable","TRY","AG-13","47","Yes"
"POL-01183","Bireysel","Kasko","Dijital","Marmara","2025-07-19","2025-08-16","2025-08-18","2025-07","21860","21860","0","Paid Late","2","Not Applicable","TRY","AG-18","57","Yes"
"POL-01184","Bireysel","Sağlık","Dijital","Marmara","2025-01-12","2025-01-26","2025-02-12","2025-01","33090","33090","0","Paid Late","17","Not Applicable","TRY","AG-04","50","No"
"POL-01185","Bireysel","Trafik","Dijital","Marmara","2025-02-09","2025-03-04","2025-03-04","2025-02","8680","8680","0","Paid On Time","0","Not Applicable","TRY","AG-08","63","Yes"
"POL-01186","Bireysel","Konut","Banka","İç Anadolu","2025-02-02","2025-02-18","2025-02-18","2025-02","5250","5250","0","Paid On Time","0","Not Applicable","TRY","AG-10","47","Yes"
"POL-01187","Bireysel","Trafik","Acente","Karadeniz","2025-03-02","2025-03-19","2025-03-19","2025-03","5570","5570","0","Paid On Time","0","Not Applicable","TRY","AG-07","61","No"
"POL-01188","Bireysel","Konut","Acente","Marmara","2025-03-02","2025-03-27","2025-03-22","2025-03","4550","4550","0","Paid On Time","0","Not Applicable","TRY","AG-02","23","Yes"
"POL-01189","KOBİ","Seyahat","Dijital","Karadeniz","2025-10-05","2025-10-25","2025-10-20","2025-10","2840","2840","0","Paid On Time","0","Not Applicable","TRY","AG-08","28","No"
"POL-01190","Bireysel","Sağlık","Çağrı Merkezi","Marmara","2025-11-14","2025-12-03","2025-12-21","2025-11","21740","21740","0","Paid Late","18","Not Applicable","TRY","AG-18","71","No"
"POL-01191","Bireysel","Sağlık","Çağrı Merkezi","Karadeniz","2025-08-04","2025-08-29","2025-08-29","2025-08","23960","23960","0","Paid On Time","0","Not Applicable","TRY","AG-17","73","Yes"
"POL-01192","KOBİ","Sağlık","Acente","Marmara","2025-05-23","2025-06-14","2025-06-09","2025-05","55300","55300","0","Paid On Time","0","Not Applicable","TRY","AG-16","63","Yes"
"POL-01193","Bireysel","Trafik","Acente","Ege","2025-12-03","2025-12-26","2025-12-22","2025-12","8060","8060","0","Paid On Time","0","Not Applicable","TRY","AG-02","59","Yes"
"POL-01194","Bireysel","Konut","Acente","Karadeniz","2025-05-04","2025-05-27","2025-05-26","2025-05","5890","5890","0","Paid On Time","0","Not Applicable","TRY","AG-11","42","Yes"
"POL-01195","Bireysel","Sağlık","Dijital","Akdeniz","2025-12-15","2026-01-14","2026-01-13","2025-12","20440","20440","0","Paid On Time","0","Not Applicable","TRY","AG-13","59","Yes"
"POL-01196","Kurumsal","Trafik","Çağrı Merkezi","Marmara","2025-06-01","2025-06-15","2025-06-13","2025-06","22060","22060","0","Paid On Time","0","Not Applicable","TRY","AG-07","35","Yes"
"POL-01197","Bireysel","Konut","Çağrı Merkezi","İç Anadolu","2025-09-08","2025-09-30","2025-09-30","2025-09","3770","3770","0","Paid On Time","0","Not Applicable","TRY","AG-12","46","No"
"POL-01198","Bireysel","Kasko","Banka","Akdeniz","2025-01-12","2025-01-26","2025-01-24","2025-01","20270","20270","0","Paid On Time","0","Not Applicable","TRY","AG-05","42","Yes"
"POL-01199","KOBİ","Konut","Acente","Karadeniz","2025-03-04","2025-03-27","2025-03-24","2025-03","7990","7990","0","Paid On Time","0","Not Applicable","TRY","AG-10","30","Yes"
"POL-01200","Bireysel","Trafik","Dijital","Marmara","2025-05-19","2025-06-16","2025-07-09","2025-05","6760","6760","0","Paid Late","23","Not Applicable","TRY","AG-13","67","No"
